{"train/loss": 0.7146, "train/learning_rate": 2.0008892841262785e-07, "train/epoch": 10.0, "train/global_step": 22490, "_timestamp": 1716297709.4003065, "_runtime": 4720.121689558029, "_step": 224, "train/train_runtime": 4721.3141, "train/train_samples_per_second": 609.682, "train/train_steps_per_second": 4.764, "train/total_flos": 1.1871762501384e+17, "train/train_loss": 0.9954084716091266, "_wandb": {"runtime": 4875}}