{
    "af-ZA": {
        "precision_macro": 0.5708203082987359,
        "precision_micro": 0.6028917283120376,
        "recall_macro": 0.5359978952076258,
        "recall_micro": 0.6028917283120376,
        "f1_macro": 0.5309019263543526,
        "f1_micro": 0.6028917283120376,
        "accuracy": 0.6028917283120376
    },
    "am-ET": {
        "precision_macro": 0.5386948757549935,
        "precision_micro": 0.3113651647612643,
        "recall_macro": 0.27842107403721333,
        "recall_micro": 0.3113651647612643,
        "f1_macro": 0.34059178263350887,
        "f1_micro": 0.3113651647612643,
        "accuracy": 0.3113651647612643
    },
    "ar-SA": {
        "precision_macro": 0.6420415689327268,
        "precision_micro": 0.47691100650078455,
        "recall_macro": 0.44202320539811785,
        "recall_micro": 0.47691100650078455,
        "f1_macro": 0.502112169696458,
        "f1_micro": 0.47691100650078455,
        "accuracy": 0.47691100650078455
    },
    "az-AZ": {
        "precision_macro": 0.6277744779977589,
        "precision_micro": 0.515551445864156,
        "recall_macro": 0.463691504639027,
        "recall_micro": 0.515551445864156,
        "f1_macro": 0.5159493355778162,
        "f1_micro": 0.515551445864156,
        "accuracy": 0.515551445864156
    },
    "bn-BD": {
        "precision_macro": 0.6599274911122515,
        "precision_micro": 0.5783456624075319,
        "recall_macro": 0.5313131868673554,
        "recall_micro": 0.5783456624075319,
        "f1_macro": 0.5724413940370675,
        "f1_micro": 0.5783456624075319,
        "accuracy": 0.5783456624075319
    },
    "ca-ES": {
        "precision_macro": 0.6677260149790013,
        "precision_micro": 0.6087200179331989,
        "recall_macro": 0.5640491240576757,
        "recall_micro": 0.6087200179331989,
        "f1_macro": 0.596731285126228,
        "f1_micro": 0.6087200179331989,
        "accuracy": 0.6087200179331989
    },
    "cy-GB": {
        "precision_macro": 0.6257122009549086,
        "precision_micro": 0.5604284753578634,
        "recall_macro": 0.5140690840568163,
        "recall_micro": 0.5604284753578634,
        "f1_macro": 0.5480848168243764,
        "f1_micro": 0.5604284753578634,
        "accuracy": 0.5604284753578634
    },
    "da-DK": {
        "precision_macro": 0.6320013760615814,
        "precision_micro": 0.5839778076664425,
        "recall_macro": 0.5338429062149401,
        "recall_micro": 0.5839778076664425,
        "f1_macro": 0.5641643948924894,
        "f1_micro": 0.5839778076664425,
        "accuracy": 0.5839778076664425
    },
    "de-DE": {
        "precision_macro": 0.6499971861655671,
        "precision_micro": 0.6130538743181648,
        "recall_macro": 0.5641545395655587,
        "recall_micro": 0.6130538743181648,
        "f1_macro": 0.5902358656921163,
        "f1_micro": 0.6130538743181648,
        "accuracy": 0.6130538743181648
    },
    "el-GR": {
        "precision_macro": 0.6658816220819953,
        "precision_micro": 0.6363483523873571,
        "recall_macro": 0.5883962939823741,
        "recall_micro": 0.6363483523873571,
        "f1_macro": 0.611889680022138,
        "f1_micro": 0.6363483523873571,
        "accuracy": 0.6363483523873571
    },
    "en-US": {
        "precision_macro": 0.6805757603386395,
        "precision_micro": 0.6578223390597298,
        "recall_macro": 0.610410521317579,
        "recall_micro": 0.6578223390597298,
        "f1_macro": 0.6313845098814741,
        "f1_micro": 0.6578223390597298,
        "accuracy": 0.6578223390597298
    },
    "es-ES": {
        "precision_macro": 0.691831040620506,
        "precision_micro": 0.674624523649406,
        "recall_macro": 0.6295419414534513,
        "recall_micro": 0.674624523649406,
        "f1_macro": 0.6472606834143856,
        "f1_micro": 0.674624523649406,
        "accuracy": 0.674624523649406
    },
    "fa-IR": {
        "precision_macro": 0.6819326637202446,
        "precision_micro": 0.6696756505095443,
        "recall_macro": 0.6201843670585859,
        "recall_micro": 0.6696756505095443,
        "f1_macro": 0.6377514402314003,
        "f1_micro": 0.6696756505095443,
        "accuracy": 0.6696756505095443
    },
    "fi-FI": {
        "precision_macro": 0.6895955445916393,
        "precision_micro": 0.6826544336631761,
        "recall_macro": 0.6332729264622112,
        "recall_micro": 0.6826544336631761,
        "f1_macro": 0.649047729898539,
        "f1_micro": 0.6826544336631761,
        "accuracy": 0.6826544336631761
    },
    "fr-FR": {
        "precision_macro": 0.6983001907083763,
        "precision_micro": 0.6952477023088993,
        "recall_macro": 0.6461562216043198,
        "recall_micro": 0.6952477023088993,
        "f1_macro": 0.6603258920043458,
        "f1_micro": 0.6952477023088993,
        "accuracy": 0.6952477023088993
    },
    "he-IL": {
        "precision_macro": 0.6850884544268363,
        "precision_micro": 0.6830867518493612,
        "recall_macro": 0.6321534343641141,
        "recall_micro": 0.6830867518493612,
        "f1_macro": 0.6465121599776125,
        "f1_micro": 0.6830867518493612,
        "accuracy": 0.6830867518493612
    },
    "hi-IN": {
        "precision_macro": 0.6912156072914127,
        "precision_micro": 0.6927489220301436,
        "recall_macro": 0.6424887018176739,
        "recall_micro": 0.6927489220301436,
        "f1_macro": 0.6553891092721015,
        "f1_micro": 0.6927489220301436,
        "accuracy": 0.6927489220301436
    },
    "hu-HU": {
        "precision_macro": 0.6972456583242382,
        "precision_micro": 0.701561682731824,
        "recall_macro": 0.6519042065776722,
        "recall_micro": 0.701561682731824,
        "f1_macro": 0.6634167696292523,
        "f1_micro": 0.701561682731824,
        "accuracy": 0.701561682731824
    },
    "hy-AM": {
        "precision_macro": 0.7022026102227047,
        "precision_micro": 0.7091105369341308,
        "recall_macro": 0.6599218630153206,
        "recall_micro": 0.7091105369341308,
        "f1_macro": 0.670244647374275,
        "f1_micro": 0.7091105369341308,
        "accuracy": 0.7091105369341308
    },
    "id-ID": {
        "precision_macro": 0.7076556215170784,
        "precision_micro": 0.7166274377942166,
        "recall_macro": 0.6679020782660913,
        "recall_micro": 0.7166274377942166,
        "f1_macro": 0.6772959218099385,
        "f1_micro": 0.7166274377942166,
        "accuracy": 0.7166274377942166
    },
    "is-IS": {
        "precision_macro": 0.7111923965513526,
        "precision_micro": 0.7228520190860473,
        "recall_macro": 0.6748145778224994,
        "recall_micro": 0.7228520190860473,
        "f1_macro": 0.6827698384004596,
        "f1_micro": 0.7228520190860475,
        "accuracy": 0.7228520190860473
    },
    "it-IT": {
        "precision_macro": 0.7097350803733383,
        "precision_micro": 0.7231766216298833,
        "recall_macro": 0.6741020748330515,
        "recall_micro": 0.7231766216298833,
        "f1_macro": 0.6813575459047336,
        "f1_micro": 0.7231766216298833,
        "accuracy": 0.7231766216298833
    },
    "ja-JP": {
        "precision_macro": 0.7139106936714189,
        "precision_micro": 0.7292038244495775,
        "recall_macro": 0.6807117223430524,
        "recall_micro": 0.7292038244495775,
        "f1_macro": 0.6869534472689592,
        "f1_micro": 0.7292038244495775,
        "accuracy": 0.7292038244495775
    },
    "jv-ID": {
        "precision_macro": 0.7162681581605614,
        "precision_micro": 0.7335518941941269,
        "recall_macro": 0.6851613467782428,
        "recall_micro": 0.7335518941941269,
        "f1_macro": 0.6906051035475979,
        "f1_micro": 0.7335518941941269,
        "accuracy": 0.7335518941941269
    },
    "ka-GE": {
        "precision_macro": 0.7172207425339816,
        "precision_micro": 0.7356556825823807,
        "recall_macro": 0.6874158027738311,
        "recall_micro": 0.7356556825823807,
        "f1_macro": 0.6924061367043018,