{
    "af-ZA": {
        "precision_macro": 0.003290984099675765,
        "precision_micro": 0.06792199058507062,
        "recall_macro": 0.022075002355315263,
        "recall_micro": 0.06792199058507062,
        "f1_macro": 0.005666796623922796,
        "f1_micro": 0.06792199058507062,
        "accuracy": 0.06792199058507062
    },
    "am-ET": {
        "precision_macro": 0.0028791199205597286,
        "precision_micro": 0.06355077336919973,
        "recall_macro": 0.019512077448844072,
        "recall_micro": 0.06355077336919973,
        "f1_macro": 0.004738434948794228,
        "f1_micro": 0.06355077336919973,
        "accuracy": 0.06355077336919973
    },
    "ar-SA": {
        "precision_macro": 0.002613351391228029,
        "precision_micro": 0.06186953597848016,
        "recall_macro": 0.018723722195039014,
        "recall_micro": 0.06186953597848016,
        "f1_macro": 0.004275396726053312,
        "f1_micro": 0.06186953597848016,
        "accuracy": 0.06186953597848016
    }
}