{
    "af-ZA": {
        "precision_macro": 0.582529171422117,
        "precision_micro": 0.5944855413584398,
        "recall_macro": 0.5344543135540542,
        "recall_micro": 0.5944855413584398,
        "f1_macro": 0.5357688744434368,
        "f1_micro": 0.5944855413584398,
        "accuracy": 0.5944855413584398
    },
    "am-ET": {
        "precision_macro": 0.5502692389920364,
        "precision_micro": 0.3024546065904506,
        "recall_macro": 0.2776482441142501,
        "recall_micro": 0.3024546065904506,
        "f1_macro": 0.34531266237372593,
        "f1_micro": 0.3024546065904506,
        "accuracy": 0.3024546065904506
    },
    "ar-SA": {
        "precision_macro": 0.6534921746714478,
        "precision_micro": 0.4683927370544721,
        "recall_macro": 0.4365482951149186,
        "recall_micro": 0.4683927370544721,
        "f1_macro": 0.5060941878990487,
        "f1_micro": 0.4683927370544721,
        "accuracy": 0.4683927370544721
    },
    "az-AZ": {
        "precision_macro": 0.6336213722358426,
        "precision_micro": 0.5139542703429725,
        "recall_macro": 0.4647139361186401,
        "recall_micro": 0.5139542703429725,
        "f1_macro": 0.5215689124305746,
        "f1_micro": 0.5139542703429725,
        "accuracy": 0.5139542703429725
    },
    "bn-BD": {
        "precision_macro": 0.6693499221788997,
        "precision_micro": 0.5774714189643577,
        "recall_macro": 0.5319010861389435,
        "recall_micro": 0.5774714189643577,
        "f1_macro": 0.5797090434682538,
        "f1_micro": 0.5774714189643577,
        "accuracy": 0.5774714189643577
    },
    "ca-ES": {
        "precision_macro": 0.6731399396504187,
        "precision_micro": 0.6063662855861914,
        "recall_macro": 0.5585200480917738,
        "recall_micro": 0.6063662855861914,
        "f1_macro": 0.5990917291417126,
        "f1_micro": 0.6063662855861914,
        "accuracy": 0.6063662855861914
    },
    "cy-GB": {
        "precision_macro": 0.6347379182806012,
        "precision_micro": 0.5575943894706504,
        "recall_macro": 0.5063902186634114,
        "recall_micro": 0.5575943894706504,
        "f1_macro": 0.5503481146160352,
        "f1_micro": 0.5575943894706504,
        "accuracy": 0.5575943894706504
    },
    "da-DK": {
        "precision_macro": 0.6421363297900488,
        "precision_micro": 0.5812878278412912,
        "recall_macro": 0.5259545703053738,
        "recall_micro": 0.5812878278412912,
        "f1_macro": 0.5666963036459738,
        "f1_micro": 0.5812878278412912,
        "accuracy": 0.5812878278412912
    },
    "de-DE": {
        "precision_macro": 0.6612663163871103,
        "precision_micro": 0.6112231936038257,
        "recall_macro": 0.5601678904924776,
        "recall_micro": 0.6112231936038257,
        "f1_macro": 0.5954803816382035,
        "f1_micro": 0.6112231936038257,
        "accuracy": 0.6112231936038257
    },
    "el-GR": {
        "precision_macro": 0.6753011814487345,
        "precision_micro": 0.6349361129791526,
        "recall_macro": 0.584482911425411,
        "recall_micro": 0.6349361129791526,
        "f1_macro": 0.6164544124140537,
        "f1_micro": 0.6349361129791526,
        "accuracy": 0.6349361129791526
    },
    "en-US": {
        "precision_macro": 0.6907322105371235,
        "precision_micro": 0.6571498441034419,
        "recall_macro": 0.6094807307767157,
        "recall_micro": 0.6571498441034419,
        "f1_macro": 0.6376462985305054,
        "f1_micro": 0.6571498441034419,
        "accuracy": 0.6571498441034419
    },
    "es-ES": {
        "precision_macro": 0.7007551509522358,
        "precision_micro": 0.6744283792871554,
        "recall_macro": 0.6287604759377137,
        "recall_micro": 0.6744283792871554,
        "f1_macro": 0.6531255973249727,
        "f1_micro": 0.6744283792871554,
        "accuracy": 0.6744283792871554
    },
    "fa-IR": {
        "precision_macro": 0.6891376733443384,
        "precision_micro": 0.6691324815063887,
        "recall_macro": 0.6187254812459622,
        "recall_micro": 0.6691324815063887,
        "f1_macro": 0.642161911958676,
        "f1_micro": 0.6691324815063887,
        "accuracy": 0.6691324815063887
    },
    "fi-FI": {
        "precision_macro": 0.6975477916546391,
        "precision_micro": 0.6824863099241042,
        "recall_macro": 0.6336611572257264,
        "recall_micro": 0.6824863099241042,
        "f1_macro": 0.6543336387711775,
        "f1_micro": 0.6824863099241042,
        "accuracy": 0.6824863099241042
    },
    "fr-FR": {
        "precision_macro": 0.705259992696077,
        "precision_micro": 0.6948217888365837,
        "recall_macro": 0.6464798480348394,
        "recall_micro": 0.6948217888365837,
        "f1_macro": 0.6653058413625944,
        "f1_micro": 0.6948217888365837,
        "accuracy": 0.6948217888365837
    },
    "he-IL": {
        "precision_macro": 0.6927795303331935,
        "precision_micro": 0.6825193342299932,
        "recall_macro": 0.6313873249895625,
        "recall_micro": 0.6825193342299932,
        "f1_macro": 0.6508116821575165,
        "f1_micro": 0.6825193342299932,
        "accuracy": 0.6825193342299932
    },
    "hi-IN": {
        "precision_macro": 0.698839983970278,
        "precision_micro": 0.6925115708691009,
        "recall_macro": 0.6430010357613072,
        "recall_micro": 0.6925115708691009,
        "f1_macro": 0.660088065791239,
        "f1_micro": 0.6925115708691009,
        "accuracy": 0.6925115708691009
    },
    "hu-HU": {
        "precision_macro": 0.7041481829193372,
        "precision_micro": 0.7014682806545618,
        "recall_macro": 0.6521062282972963,
        "recall_micro": 0.7014682806545618,
        "f1_macro": 0.6677303777670679,
        "f1_micro": 0.7014682806545618,
        "accuracy": 0.7014682806545618
    },
    "hy-AM": {
        "precision_macro": 0.7077381480164621,
        "precision_micro": 0.7089866562842884,
        "recall_macro": 0.6592304216685928,
        "recall_micro": 0.7089866562842884,
        "f1_macro": 0.6736404781349367,
        "f1_micro": 0.7089866562842884,
        "accuracy": 0.7089866562842884
    },
    "id-ID": {
        "precision_macro": 0.7121393183924928,
        "precision_micro": 0.7161903160726295,
        "recall_macro": 0.667528636267863,
        "recall_micro": 0.7161903160726295,
        "f1_macro": 0.6801482436638097,
        "f1_micro": 0.7161903160726295,
        "accuracy": 0.7161903160726295
    },
    "is-IS": {
        "precision_macro": 0.7158665044641309,
        "precision_micro": 0.7222755948378006,
        "recall_macro": 0.6749600388814953,
        "recall_micro": 0.7222755948378006,
        "f1_macro": 0.6858986716490543,
        "f1_micro": 0.7222755948378006,
        "accuracy": 0.7222755948378006
    },
    "it-IT": {
        "precision_macro": 0.7148217511016793,
        "precision_micro": 0.722993213914532,
        "recall_macro": 0.6745215165006777,
        "recall_micro": 0.722993213914532,
        "f1_macro": 0.6850471721114354,
        "f1_micro": 0.722993213914532,
        "accuracy": 0.722993213914532
    },
    "ja-JP": {
        "precision_macro": 0.7189345471355426,
        "precision_micro": 0.7292623022718634,
        "recall_macro": 0.6813232122336176,
        "recall_micro": 0.7292623022718634,
        "f1_macro": 0.6907401949534662,
        "f1_micro": 0.7292623022718634,
        "accuracy": 0.7292623022718634
    },
    "jv-ID": {
        "precision_macro": 0.7218649341211203,
        "precision_micro": 0.7339161622954494,
        "recall_macro": 0.6870319676081248,
        "recall_micro": 0.7339161622954494,
        "f1_macro": 0.6952076006442874,
        "f1_micro": 0.7339161622954494,
        "accuracy": 0.7339161622954494
    },
    "ka-GE": {
        "precision_macro": 0.7224496633520947,
        "precision_micro": 0.7362071284465367,
        "recall_macro": 0.6893494623796198,
        "recall_micro": 0.7362071284465367,
        "f1_macro": 0.6969085947393113,