{
    "af-ZA": {
        "precision_macro": 0.5657116941832228,
        "precision_micro": 0.6075991930060525,
        "recall_macro": 0.52664063734131,
        "recall_micro": 0.6075991930060525,
        "f1_macro": 0.5255971500985749,
        "f1_micro": 0.6075991930060525,
        "accuracy": 0.6075991930060525
    },
    "am-ET": {
        "precision_macro": 0.5375919300052722,
        "precision_micro": 0.30985205110961667,
        "recall_macro": 0.27437094067563994,
        "recall_micro": 0.30985205110961667,
        "f1_macro": 0.3356459726688193,
        "f1_micro": 0.30985205110961667,
        "accuracy": 0.30985205110961667
    },
    "ar-SA": {
        "precision_macro": 0.6474558755769562,
        "precision_micro": 0.4766868415153553,
        "recall_macro": 0.4367539130795985,
        "recall_micro": 0.4766868415153553,
        "f1_macro": 0.49953272354021344,
        "f1_micro": 0.4766868415153553,
        "accuracy": 0.4766868415153553
    },
    "az-AZ": {
        "precision_macro": 0.6358725921838915,
        "precision_micro": 0.5201748486886348,
        "recall_macro": 0.4627058833983842,
        "recall_micro": 0.5201748486886348,
        "f1_macro": 0.5159822505959143,
        "f1_micro": 0.5201748486886348,
        "accuracy": 0.5201748486886348
    },
    "bn-BD": {
        "precision_macro": 0.668306126252671,
        "precision_micro": 0.5821788836583726,
        "recall_macro": 0.5315022773129863,
        "recall_micro": 0.5821788836583726,
        "f1_macro": 0.5745351520889829,
        "f1_micro": 0.5821788836583726,
        "accuracy": 0.5821788836583726
    },
    "ca-ES": {
        "precision_macro": 0.6748444544340118,
        "precision_micro": 0.6118022864828514,
        "recall_macro": 0.5643280633274761,
        "recall_micro": 0.6118022864828514,
        "f1_macro": 0.5980836363216882,
        "f1_micro": 0.6118022864828514,
        "accuracy": 0.6118022864828514
    },
    "cy-GB": {
        "precision_macro": 0.6379532269493443,
        "precision_micro": 0.5628782784129119,
        "recall_macro": 0.5141155766984492,
        "recall_micro": 0.5628782784129119,
        "f1_macro": 0.5511261019417409,
        "f1_micro": 0.5628782784129119,
        "accuracy": 0.5628782784129119
    },
    "da-DK": {
        "precision_macro": 0.6426260310470967,
        "precision_micro": 0.5857431069266981,
        "recall_macro": 0.5318433361409849,
        "recall_micro": 0.5857431069266981,
        "f1_macro": 0.5657552362022215,
        "f1_micro": 0.5857431069266981,
        "accuracy": 0.5857431069266981
    },
    "de-DE": {
        "precision_macro": 0.6612363047413169,
        "precision_micro": 0.6156691324815063,
        "recall_macro": 0.5634540254642206,
        "recall_micro": 0.6156691324815063,
        "f1_macro": 0.5935323309948195,
        "f1_micro": 0.6156691324815063,
        "accuracy": 0.6156691324815063
    },
    "el-GR": {
        "precision_macro": 0.674035520972327,
        "precision_micro": 0.6385339609952926,
        "recall_macro": 0.5868356768949126,
        "recall_micro": 0.6385339609952926,
        "f1_macro": 0.6137135931315892,
        "f1_micro": 0.6385339609952926,
        "accuracy": 0.6385339609952926
    },
    "en-US": {
        "precision_macro": 0.6887585453777488,
        "precision_micro": 0.6605428868374397,
        "recall_macro": 0.6114531650620607,
        "recall_micro": 0.6605428868374397,
        "f1_macro": 0.634730644121024,
        "f1_micro": 0.6605428868374397,
        "accuracy": 0.6605428868374397
    },
    "es-ES": {
        "precision_macro": 0.6989800930997757,
        "precision_micro": 0.6773145034745572,
        "recall_macro": 0.6300417603218182,
        "recall_micro": 0.6773145034745572,
        "f1_macro": 0.6501229735898819,
        "f1_micro": 0.6773145034745572,
        "accuracy": 0.6773145034745572
    },
    "fa-IR": {
        "precision_macro": 0.6891586138208656,
        "precision_micro": 0.6738916765816564,
        "recall_macro": 0.621826927649949,
        "recall_micro": 0.6738916765816564,
        "f1_macro": 0.6414551585030686,
        "f1_micro": 0.6738916765816564,
        "accuracy": 0.6738916765816564
    },
    "fi-FI": {
        "precision_macro": 0.6958127487043665,
        "precision_micro": 0.6865212796618311,
        "recall_macro": 0.6341524827929111,
        "recall_micro": 0.6865212796618311,
        "f1_macro": 0.6518606320110544,
        "f1_micro": 0.6865212796618311,
        "accuracy": 0.6865212796618311
    },
    "fr-FR": {
        "precision_macro": 0.7042881482869189,
        "precision_micro": 0.6985877605917956,
        "recall_macro": 0.6484077436522919,
        "recall_micro": 0.6985877605917956,
        "f1_macro": 0.6636048038894788,
        "f1_micro": 0.6985877605917956,
        "accuracy": 0.6985877605917956
    },
    "he-IL": {
        "precision_macro": 0.6910062884863866,
        "precision_micro": 0.6866593813046402,
        "recall_macro": 0.6337875080016399,
        "recall_micro": 0.6866593813046402,
        "f1_macro": 0.6493928369562989,
        "f1_micro": 0.6866593813046402,
        "accuracy": 0.6866593813046402
    },
    "hi-IN": {
        "precision_macro": 0.6963120919449358,
        "precision_micro": 0.6956564737529174,
        "recall_macro": 0.6444419180409559,
        "recall_micro": 0.6956564737529174,
        "f1_macro": 0.658035035537965,
        "f1_micro": 0.6956564737529174,
        "accuracy": 0.6956564737529174
    },
    "hu-HU": {
        "precision_macro": 0.7020640919102562,
        "precision_micro": 0.7043637450496899,
        "recall_macro": 0.6538263420792266,
        "recall_micro": 0.7043637450496899,
        "f1_macro": 0.6660112011950133,
        "f1_micro": 0.7043637450496899,
        "accuracy": 0.7043637450496899
    },
    "hy-AM": {
        "precision_macro": 0.7064044050945858,
        "precision_micro": 0.7115350582239054,
        "recall_macro": 0.6611279956104963,
        "recall_micro": 0.7115350582239054,
        "f1_macro": 0.6724258086073378,
        "f1_micro": 0.7115350582239053,
        "accuracy": 0.7115350582239054
    },
    "id-ID": {
        "precision_macro": 0.7114072764115118,
        "precision_micro": 0.7188802958977808,
        "recall_macro": 0.6694886337166372,
        "recall_micro": 0.7188802958977808,
        "f1_macro": 0.6793938957896228,
        "f1_micro": 0.7188802958977809,
        "accuracy": 0.7188802958977808
    },
    "is-IS": {
        "precision_macro": 0.7151534705259422,
        "precision_micro": 0.7251096807250136,
        "recall_macro": 0.6761538872659453,
        "recall_micro": 0.7251096807250136,
        "f1_macro": 0.6851105554229421,
        "f1_micro": 0.7251096807250137,
        "accuracy": 0.7251096807250136
    },
    "it-IT": {
        "precision_macro": 0.7145202997403588,
        "precision_micro": 0.7264321085773675,
        "recall_macro": 0.676534131401776,
        "recall_micro": 0.7264321085773675,
        "f1_macro": 0.684814252172162,
        "f1_micro": 0.7264321085773675,
        "accuracy": 0.7264321085773675
    },
    "ja-JP": {
        "precision_macro": 0.7188632983059293,
        "precision_micro": 0.7323470073974445,
        "recall_macro": 0.6827936475830803,
        "recall_micro": 0.7323470073974445,
        "f1_macro": 0.6903834222594891,
        "f1_micro": 0.7323470073974446,
        "accuracy": 0.7323470073974445
    },
    "jv-ID": {
        "precision_macro": 0.7213101382648776,
        "precision_micro": 0.736746245236494,
        "recall_macro": 0.6877913207300429,
        "recall_micro": 0.736746245236494,
        "f1_macro": 0.694277262241793,
        "f1_micro": 0.7367462452364941,
        "accuracy": 0.736746245236494
    },
    "ka-GE": {
        "precision_macro": 0.7219068517130123,
        "precision_micro": 0.7390316072629455,
        "recall_macro": 0.6901230082484516,
        "recall_micro": 0.7390316072629455,
        "f1_macro": 0.6959221646864375,