{
    "af-ZA": {
        "precision_macro": 0.6047809850388292,
        "precision_micro": 0.6102891728312038,
        "recall_macro": 0.5575267656385167,
        "recall_micro": 0.6102891728312038,
        "f1_macro": 0.5560691541014147,
        "f1_micro": 0.6102891728312038,
        "accuracy": 0.6102891728312038
    },
    "am-ET": {
        "precision_macro": 0.576996131027988,
        "precision_micro": 0.31741761936785473,
        "recall_macro": 0.28749873390118025,
        "recall_micro": 0.31741761936785473,
        "f1_macro": 0.3575966359593188,
        "f1_micro": 0.31741761936785473,
        "accuracy": 0.31741761936785473
    },
    "ar-SA": {
        "precision_macro": 0.660379534900141,
        "precision_micro": 0.48094597623851154,
        "recall_macro": 0.4474966235338539,
        "recall_micro": 0.48094597623851154,
        "f1_macro": 0.512110628934853,
        "f1_micro": 0.48094597623851154,
        "accuracy": 0.48094597623851154
    },
    "az-AZ": {
        "precision_macro": 0.6412487950855362,
        "precision_micro": 0.5216879623402825,
        "recall_macro": 0.4726757104877241,
        "recall_micro": 0.5216879623402825,
        "f1_macro": 0.5270116551868339,
        "f1_micro": 0.5216879623402825,
        "accuracy": 0.5216879623402825
    },
    "bn-BD": {
        "precision_macro": 0.6722052024759275,
        "precision_micro": 0.5840618695359785,
        "recall_macro": 0.5404501906724603,
        "recall_micro": 0.5840618695359785,
        "f1_macro": 0.5834697788195083,
        "f1_micro": 0.5840618695359785,
        "accuracy": 0.5840618695359785
    },
    "ca-ES": {
        "precision_macro": 0.6773463820004234,
        "precision_micro": 0.6138758125980722,
        "recall_macro": 0.5668505862955479,
        "recall_micro": 0.6138758125980722,
        "f1_macro": 0.6036137358921418,
        "f1_micro": 0.6138758125980722,
        "accuracy": 0.6138758125980722
    },
    "cy-GB": {
        "precision_macro": 0.6400082781422254,
        "precision_micro": 0.5662407531943511,
        "recall_macro": 0.5186105850735544,
        "recall_micro": 0.5662407531943511,
        "f1_macro": 0.5579133513429742,
        "f1_micro": 0.5662407531943511,
        "accuracy": 0.5662407531943511
    },
    "da-DK": {
        "precision_macro": 0.645420667851507,
        "precision_micro": 0.5886852723604573,
        "recall_macro": 0.5353573029900539,
        "recall_micro": 0.5886852723604573,
        "f1_macro": 0.5716012328484208,
        "f1_micro": 0.5886852723604573,
        "accuracy": 0.5886852723604573
    },
    "de-DE": {
        "precision_macro": 0.6612652275116382,
        "precision_micro": 0.6176866173503699,
        "recall_macro": 0.5657977322057329,
        "recall_micro": 0.6176866173503699,
        "f1_macro": 0.5975146356835267,
        "f1_micro": 0.6176866173503699,
        "accuracy": 0.6176866173503699
    },
    "el-GR": {
        "precision_macro": 0.6743366624703385,
        "precision_micro": 0.6399798251513114,
        "recall_macro": 0.5895567998332101,
        "recall_micro": 0.6399798251513114,
        "f1_macro": 0.6176426799860281,
        "f1_micro": 0.6399798251513114,
        "accuracy": 0.6399798251513114
    },
    "en-US": {
        "precision_macro": 0.6894838439776265,
        "precision_micro": 0.6616433331295469,
        "recall_macro": 0.6139904089687853,
        "recall_micro": 0.6616433331295469,
        "f1_macro": 0.6383280579161101,
        "f1_micro": 0.6616433331295469,
        "accuracy": 0.6616433331295469
    },
    "es-ES": {
        "precision_macro": 0.6991632255465102,
        "precision_micro": 0.6777908540685945,
        "recall_macro": 0.6316040166001357,
        "recall_micro": 0.6777908540685945,
        "f1_macro": 0.6526074812447179,
        "f1_micro": 0.6777908540685945,
        "accuracy": 0.6777908540685945
    },
    "fa-IR": {
        "precision_macro": 0.6880918129204795,
        "precision_micro": 0.6728570689565982,
        "recall_macro": 0.6221086679671571,
        "recall_micro": 0.6728570689565982,
        "f1_macro": 0.6424316796940961,
        "f1_micro": 0.6728570689565982,
        "accuracy": 0.6728570689565982
    },
    "fi-FI": {
        "precision_macro": 0.6956178106278149,
        "precision_micro": 0.6851762897492555,
        "recall_macro": 0.635799390773019,
        "recall_micro": 0.6851762897492555,
        "f1_macro": 0.6534042415863565,
        "f1_micro": 0.6851762897492555,
        "accuracy": 0.6851762897492555
    },
    "fr-FR": {
        "precision_macro": 0.7040505519778756,
        "precision_micro": 0.6974669356646492,
        "recall_macro": 0.6500297087774025,
        "recall_micro": 0.6974669356646492,
        "f1_macro": 0.665238189157686,
        "f1_micro": 0.6974669356646492,
        "accuracy": 0.6974669356646492
    },
    "he-IL": {
        "precision_macro": 0.6916830024410271,
        "precision_micro": 0.6850411903160726,
        "recall_macro": 0.6351340282858453,
        "recall_micro": 0.6850411903160726,
        "f1_macro": 0.6511036257094941,
        "f1_micro": 0.6850411903160726,
        "accuracy": 0.6850411903160726
    },
    "hi-IN": {
        "precision_macro": 0.6972823688435434,
        "precision_micro": 0.6946872898453261,
        "recall_macro": 0.6452959623665664,
        "recall_micro": 0.6946872898453261,
        "f1_macro": 0.6597486359372043,
        "f1_micro": 0.6946872898453261,
        "accuracy": 0.6946872898453261
    },
    "hu-HU": {
        "precision_macro": 0.703033517173932,
        "precision_micro": 0.7033736830307106,
        "recall_macro": 0.6551536677031412,
        "recall_micro": 0.7033736830307106,
        "f1_macro": 0.6678469974273876,
        "f1_micro": 0.7033736830307106,
        "accuracy": 0.7033736830307106
    },
    "hy-AM": {
        "precision_macro": 0.7073321372326175,
        "precision_micro": 0.7104555268467065,
        "recall_macro": 0.6623405348387654,
        "recall_micro": 0.7104555268467065,
        "f1_macro": 0.6740883168543323,
        "f1_micro": 0.7104555268467065,
        "accuracy": 0.7104555268467065
    },
    "id-ID": {
        "precision_macro": 0.7128260058382136,
        "precision_micro": 0.7178883658372562,
        "recall_macro": 0.6708659991652793,
        "recall_micro": 0.7178883658372562,
        "f1_macro": 0.6813078904244734,
        "f1_micro": 0.7178883658372561,
        "accuracy": 0.7178883658372562
    },
    "is-IS": {
        "precision_macro": 0.7162087186333185,
        "precision_micro": 0.7241329618599289,
        "recall_macro": 0.6775852414890038,
        "recall_micro": 0.7241329618599289,
        "f1_macro": 0.686690581934378,
        "f1_micro": 0.7241329618599288,
        "accuracy": 0.7241329618599289
    },
    "it-IT": {
        "precision_macro": 0.7150491561445478,
        "precision_micro": 0.7248578590206028,
        "recall_macro": 0.6777815840041828,
        "recall_micro": 0.7248578590206028,
        "f1_macro": 0.6860403476132028,
        "f1_micro": 0.7248578590206028,
        "accuracy": 0.7248578590206028
    },
    "ja-JP": {
        "precision_macro": 0.719744432922784,
        "precision_micro": 0.7310166369404404,
        "recall_macro": 0.6851360422639174,
        "recall_micro": 0.7310166369404404,
        "f1_macro": 0.6922185702502959,
        "f1_micro": 0.7310166369404403,
        "accuracy": 0.7310166369404404
    },
    "jv-ID": {
        "precision_macro": 0.7225925318560187,
        "precision_micro": 0.7354853171934543,
        "recall_macro": 0.690621309463091,
        "recall_micro": 0.7354853171934543,
        "f1_macro": 0.6964700200158082,
        "f1_micro": 0.7354853171934543,
        "accuracy": 0.7354853171934543
    },
    "ka-GE": {
        "precision_macro": 0.7233592283808453,
        "precision_micro": 0.7376866173503699,
        "recall_macro": 0.6930777425662838,
        "recall_micro": 0.7376866173503699,
        "f1_macro": 0.6982681143815473,