{
    "af-ZA": {
        "precision_macro": 0.002419774170312031,
        "precision_micro": 0.06254203093476798,
        "recall_macro": 0.019503898969348777,
        "recall_micro": 0.06254203093476798,
        "f1_macro": 0.0037073245488719853,
        "f1_micro": 0.06254203093476798,
        "accuracy": 0.06254203093476798
    },
    "am-ET": {
        "precision_macro": 0.002349357486323816,
        "precision_micro": 0.06086079354404842,
        "recall_macro": 0.018246469957682476,
        "recall_micro": 0.06086079354404842,
        "f1_macro": 0.0034270840634394928,
        "f1_micro": 0.06086079354404842,
        "accuracy": 0.06086079354404842
    },
    "ar-SA": {
        "precision_macro": 0.00258647125119765,
        "precision_micro": 0.0605245460659045,
        "recall_macro": 0.018526160931636813,
        "recall_micro": 0.0605245460659045,
        "f1_macro": 0.003573260026611423,
        "f1_micro": 0.0605245460659045,
        "accuracy": 0.0605245460659045
    }
}