{
    "af-ZA": {
        "precision_macro": 0.5983921947156483,
        "precision_micro": 0.5934767989240081,
        "recall_macro": 0.5317918437647737,
        "recall_micro": 0.5934767989240081,
        "f1_macro": 0.5300431848552788,
        "f1_micro": 0.5934767989240081,
        "accuracy": 0.5934767989240081
    },
    "am-ET": {
        "precision_macro": 0.5698864401783644,
        "precision_micro": 0.30060524546065903,
        "recall_macro": 0.2754429466604104,
        "recall_micro": 0.30060524546065903,
        "f1_macro": 0.3397583792249941,
        "f1_micro": 0.30060524546065903,
        "accuracy": 0.30060524546065903
    },
    "ar-SA": {
        "precision_macro": 0.6746543808523365,
        "precision_micro": 0.47007397444519167,
        "recall_macro": 0.44813183155722897,
        "recall_micro": 0.47007397444519167,
        "f1_macro": 0.5167491457554472,
        "f1_micro": 0.47007397444519167,
        "accuracy": 0.47007397444519167
    },
    "az-AZ": {
        "precision_macro": 0.6370988494579506,
        "precision_micro": 0.5083221250840618,
        "recall_macro": 0.4655053659548792,
        "recall_micro": 0.5083221250840618,
        "f1_macro": 0.5175528255933247,
        "f1_micro": 0.5083221250840618,
        "accuracy": 0.5083221250840618
    },
    "bn-BD": {
        "precision_macro": 0.6730093734356516,
        "precision_micro": 0.5726294552790854,
        "recall_macro": 0.5324870362187305,
        "recall_micro": 0.5726294552790854,
        "f1_macro": 0.577194959029392,
        "f1_micro": 0.5726294552790854,
        "accuracy": 0.5726294552790854
    },
    "ca-ES": {
        "precision_macro": 0.6781613707379925,
        "precision_micro": 0.6021631921093925,
        "recall_macro": 0.5615218739699908,
        "recall_micro": 0.6021631921093925,
        "f1_macro": 0.5985333412989196,
        "f1_micro": 0.6021631921093925,
        "accuracy": 0.6021631921093925
    },
    "cy-GB": {
        "precision_macro": 0.6281825080176479,
        "precision_micro": 0.5520703237582861,
        "recall_macro": 0.509529110082211,
        "recall_micro": 0.5520703237582861,
        "f1_macro": 0.5463935980862911,
        "f1_micro": 0.5520703237582861,
        "accuracy": 0.5520703237582861
    },
    "da-DK": {
        "precision_macro": 0.6355277646577939,
        "precision_micro": 0.5761180228648285,
        "recall_macro": 0.5275832034724154,
        "recall_micro": 0.5761180228648285,
        "f1_macro": 0.5621268455604886,
        "f1_micro": 0.5761180228648285,
        "accuracy": 0.5761180228648285
    },
    "de-DE": {
        "precision_macro": 0.6563193372750022,
        "precision_micro": 0.6064036464170963,
        "recall_macro": 0.560953129966748,
        "recall_micro": 0.6064036464170963,
        "f1_macro": 0.5910040143103708,
        "f1_micro": 0.6064036464170963,
        "accuracy": 0.6064036464170963
    },
    "el-GR": {
        "precision_macro": 0.670161374146927,
        "precision_micro": 0.6301950235373235,
        "recall_macro": 0.5856877963902,
        "recall_micro": 0.6301950235373235,
        "f1_macro": 0.6123693039176519,
        "f1_micro": 0.6301950235373235,
        "accuracy": 0.6301950235373235
    },
    "en-US": {
        "precision_macro": 0.6852901273610108,
        "precision_micro": 0.6525952191722199,
        "recall_macro": 0.6097946192446373,
        "recall_micro": 0.6525952191722199,
        "f1_macro": 0.6329497702266829,
        "f1_micro": 0.6525952191722199,
        "accuracy": 0.6525952191722199
    },
    "es-ES": {
        "precision_macro": 0.6965021967614751,
        "precision_micro": 0.6701412239408204,
        "recall_macro": 0.6287290996337889,
        "recall_micro": 0.6701412239408204,
        "f1_macro": 0.6488580544982838,
        "f1_micro": 0.6701412239408204,
        "accuracy": 0.6701412239408204
    },
    "fa-IR": {
        "precision_macro": 0.6849334552223153,
        "precision_micro": 0.6637525218560861,
        "recall_macro": 0.6193715771452984,
        "recall_micro": 0.6637525218560861,
        "f1_macro": 0.6383312860541437,
        "f1_micro": 0.6637525218560861,
        "accuracy": 0.6637525218560861
    },
    "fi-FI": {
        "precision_macro": 0.692824414333517,
        "precision_micro": 0.6772264386588529,
        "recall_macro": 0.6333368298269069,
        "recall_micro": 0.6772264386588529,
        "f1_macro": 0.6501477602439589,
        "f1_micro": 0.6772264386588529,
        "accuracy": 0.6772264386588529
    },
    "fr-FR": {
        "precision_macro": 0.7016150878942959,
        "precision_micro": 0.6900022416498542,
        "recall_macro": 0.6476727761966662,
        "recall_micro": 0.6900022416498542,
        "f1_macro": 0.6621103657762588,
        "f1_micro": 0.6900022416498542,
        "accuracy": 0.6900022416498542
    },
    "he-IL": {
        "precision_macro": 0.6883308681237357,
        "precision_micro": 0.6784423335574983,
        "recall_macro": 0.6333677525326028,
        "recall_micro": 0.6784423335574983,
        "f1_macro": 0.6477235259371076,
        "f1_micro": 0.6784423335574983,
        "accuracy": 0.6784423335574983
    },
    "hi-IN": {
        "precision_macro": 0.694082651081619,
        "precision_micro": 0.6882194707069109,
        "recall_macro": 0.6437011152842482,
        "recall_micro": 0.6882194707069109,
        "f1_macro": 0.6562623406730828,
        "f1_micro": 0.6882194707069109,
        "accuracy": 0.6882194707069109
    },
    "hu-HU": {
        "precision_macro": 0.6998142690302935,
        "precision_micro": 0.6970410221923335,
        "recall_macro": 0.6532161263756573,
        "recall_micro": 0.6970410221923335,
        "f1_macro": 0.664303263622237,
        "f1_micro": 0.6970410221923335,
        "accuracy": 0.6970410221923335
    },
    "hy-AM": {
        "precision_macro": 0.7045764721315926,
        "precision_micro": 0.7046154390684175,
        "recall_macro": 0.661420822028298,
        "recall_micro": 0.7046154390684175,
        "f1_macro": 0.6711010223410512,
        "f1_micro": 0.7046154390684175,
        "accuracy": 0.7046154390684175
    },
    "id-ID": {
        "precision_macro": 0.7099642961001794,
        "precision_micro": 0.7124747814391392,
        "recall_macro": 0.670043516076479,
        "recall_micro": 0.7124747814391392,
        "f1_macro": 0.6783913105946269,
        "f1_micro": 0.7124747814391392,
        "accuracy": 0.7124747814391392
    },
    "is-IS": {
        "precision_macro": 0.713875013298366,
        "precision_micro": 0.7189771671950556,
        "recall_macro": 0.6773462923250909,
        "recall_micro": 0.7189771671950556,
        "f1_macro": 0.6843299909524249,
        "f1_micro": 0.7189771671950556,
        "accuracy": 0.7189771671950556
    },
    "it-IT": {
        "precision_macro": 0.7121367647988593,
        "precision_micro": 0.7195390352754173,
        "recall_macro": 0.6768794461291979,
        "recall_micro": 0.7195390352754173,
        "f1_macro": 0.6831180643038058,
        "f1_micro": 0.7195390352754173,
        "accuracy": 0.7195390352754173
    },
    "ja-JP": {
        "precision_macro": 0.7160817910104396,
        "precision_micro": 0.7255489605567089,
        "recall_macro": 0.6831711913030513,
        "recall_micro": 0.7255489605567089,
        "f1_macro": 0.6885453257437235,
        "f1_micro": 0.7255489605567089,
        "accuracy": 0.7255489605567089
    },
    "jv-ID": {
        "precision_macro": 0.7186474597882816,
        "precision_micro": 0.7300913472315624,
        "recall_macro": 0.6880938591050205,
        "recall_micro": 0.7300913472315624,
        "f1_macro": 0.6924545465602631,
        "f1_micro": 0.7300913472315625,
        "accuracy": 0.7300913472315624
    },
    "ka-GE": {
        "precision_macro": 0.7194319277421807,
        "precision_micro": 0.7324411566913248,
        "recall_macro": 0.6905765889515075,
        "recall_micro": 0.7324411566913248,
        "f1_macro": 0.6943194991451004,