{
    "af-ZA": {
        "precision_macro": 0.5842876817342956,
        "precision_micro": 0.5877605917955615,
        "recall_macro": 0.5317259070044533,
        "recall_micro": 0.5877605917955615,
        "f1_macro": 0.5327745016559648,
        "f1_micro": 0.5877605917955615,
        "accuracy": 0.5877605917955615
    },
    "am-ET": {
        "precision_macro": 0.5652128195855275,
        "precision_micro": 0.2995965030262273,
        "recall_macro": 0.27680473947517303,
        "recall_micro": 0.2995965030262273,
        "f1_macro": 0.3474114501468578,
        "f1_micro": 0.2995965030262273,
        "accuracy": 0.2995965030262273
    },
    "ar-SA": {
        "precision_macro": 0.6676527790207557,
        "precision_micro": 0.46828065456175744,
        "recall_macro": 0.4427514453209086,
        "recall_micro": 0.46828065456175744,
        "f1_macro": 0.512578330463939,
        "f1_micro": 0.46828065456175744,
        "accuracy": 0.46828065456175744
    },
    "az-AZ": {
        "precision_macro": 0.6500700052720113,
        "precision_micro": 0.5136180228648285,
        "recall_macro": 0.47255338230336547,
        "recall_micro": 0.5136180228648285,
        "f1_macro": 0.5303245014138759,
        "f1_micro": 0.5136180228648285,
        "accuracy": 0.5136180228648285
    },
    "bn-BD": {
        "precision_macro": 0.6798193552335434,
        "precision_micro": 0.5775386684599866,
        "recall_macro": 0.5336794936698444,
        "recall_micro": 0.5775386684599866,
        "f1_macro": 0.5837739459826771,
        "f1_micro": 0.5775386684599866,
        "accuracy": 0.5775386684599866
    },
    "ca-ES": {
        "precision_macro": 0.690004695125308,
        "precision_micro": 0.6102331315848465,
        "recall_macro": 0.5650195443230198,
        "recall_micro": 0.6102331315848465,
        "f1_macro": 0.6083415803177417,
        "f1_micro": 0.6102331315848465,
        "accuracy": 0.6102331315848465
    },
    "cy-GB": {
        "precision_macro": 0.6500390976262226,
        "precision_micro": 0.5635507733691997,
        "recall_macro": 0.5152897149209819,
        "recall_micro": 0.5635507733691997,
        "f1_macro": 0.5602346847899011,
        "f1_micro": 0.5635507733691997,
        "accuracy": 0.5635507733691997
    },
    "da-DK": {
        "precision_macro": 0.6522814617623783,
        "precision_micro": 0.5869620040349698,
        "recall_macro": 0.5333448371591207,
        "recall_micro": 0.5869620040349698,
        "f1_macro": 0.5740932663872365,
        "f1_micro": 0.5869620040349698,
        "accuracy": 0.5869620040349698
    },
    "de-DE": {
        "precision_macro": 0.6707958045044952,
        "precision_micro": 0.6168646790704625,
        "recall_macro": 0.566828834995826,
        "recall_micro": 0.6168646790704625,
        "f1_macro": 0.6021179122757868,
        "f1_micro": 0.6168646790704625,
        "accuracy": 0.6168646790704625
    },
    "el-GR": {
        "precision_macro": 0.6851339825456702,
        "precision_micro": 0.6400134498991258,
        "recall_macro": 0.5905454494339821,
        "recall_micro": 0.6400134498991258,
        "f1_macro": 0.6226902667234239,
        "f1_micro": 0.6400134498991258,
        "accuracy": 0.6400134498991258
    },
    "en-US": {
        "precision_macro": 0.6985381580618806,
        "precision_micro": 0.6610625420309347,
        "recall_macro": 0.6118795544879901,
        "recall_micro": 0.6610625420309347,
        "f1_macro": 0.6413209285530636,
        "f1_micro": 0.6610625420309347,
        "accuracy": 0.6610625420309347
    },
    "es-ES": {
        "precision_macro": 0.7081680704259642,
        "precision_micro": 0.6779589778076665,
        "recall_macro": 0.6302661169386035,
        "recall_micro": 0.6779589778076665,
        "f1_macro": 0.6563753868576643,
        "f1_micro": 0.6779589778076665,
        "accuracy": 0.6779589778076665
    },
    "fa-IR": {
        "precision_macro": 0.6963879721506141,
        "precision_micro": 0.6744348455848119,
        "recall_macro": 0.6234778541853084,
        "recall_micro": 0.6744348455848119,
        "f1_macro": 0.6471256395201196,
        "f1_micro": 0.6744348455848119,
        "accuracy": 0.6744348455848119
    },
    "fi-FI": {
        "precision_macro": 0.703895497131111,
        "precision_micro": 0.6871937746181189,
        "recall_macro": 0.6365782658934623,
        "recall_micro": 0.6871937746181189,
        "f1_macro": 0.658203855611575,
        "f1_micro": 0.6871937746181189,
        "accuracy": 0.6871937746181189
    },
    "fr-FR": {
        "precision_macro": 0.7118768435403392,
        "precision_micro": 0.6994395875364268,
        "recall_macro": 0.6503975298817216,
        "recall_micro": 0.6994395875364268,
        "f1_macro": 0.6695192004368377,
        "f1_micro": 0.6994395875364268,
        "accuracy": 0.6994395875364268
    },
    "he-IL": {
        "precision_macro": 0.6989218051302828,
        "precision_micro": 0.6877732010759919,
        "recall_macro": 0.6366965719886992,
        "recall_micro": 0.6877732010759919,
        "f1_macro": 0.6558707110557143,
        "f1_micro": 0.6877732010759919,
        "accuracy": 0.6877732010759919
    },
    "hi-IN": {
        "precision_macro": 0.7039871085280903,
        "precision_micro": 0.6971003599825942,
        "recall_macro": 0.6463517612913959,
        "recall_micro": 0.6971003599825942,
        "f1_macro": 0.6639120009959514,
        "f1_micro": 0.6971003599825942,
        "accuracy": 0.6971003599825942
    },
    "hu-HU": {
        "precision_macro": 0.7097177216561438,
        "precision_micro": 0.7059328999476948,
        "recall_macro": 0.6559250817223917,
        "recall_micro": 0.7059328999476948,
        "f1_macro": 0.6718685484180836,
        "f1_micro": 0.7059328999476948,
        "accuracy": 0.7059328999476948
    },
    "hy-AM": {
        "precision_macro": 0.7140764335194816,
        "precision_micro": 0.7133401762644674,
        "recall_macro": 0.6631434447150447,
        "recall_micro": 0.7133401762644674,
        "f1_macro": 0.6782215518615154,
        "f1_micro": 0.7133401762644673,
        "accuracy": 0.7133401762644674
    },
    "id-ID": {
        "precision_macro": 0.7183253031910862,
        "precision_micro": 0.7205447209145931,
        "recall_macro": 0.6713711964116836,
        "recall_micro": 0.7205447209145931,
        "f1_macro": 0.6846064730323961,
        "f1_micro": 0.7205447209145931,
        "accuracy": 0.7205447209145931
    },
    "is-IS": {
        "precision_macro": 0.7221821698513066,
        "precision_micro": 0.7268069299004067,
        "recall_macro": 0.6777917108314799,
        "recall_micro": 0.7268069299004067,
        "f1_macro": 0.6901521091781809,
        "f1_micro": 0.7268069299004067,
        "accuracy": 0.7268069299004067
    },
    "it-IT": {
        "precision_macro": 0.7201731263896508,
        "precision_micro": 0.7271504554624931,
        "recall_macro": 0.6772222911351914,
        "recall_micro": 0.7271504554624931,
        "f1_macro": 0.6886021143150247,
        "f1_micro": 0.7271504554624931,
        "accuracy": 0.7271504554624931
    },
    "ja-JP": {
        "precision_macro": 0.7242020906972374,
        "precision_micro": 0.7331072190871611,
        "recall_macro": 0.6834444240568266,
        "recall_micro": 0.7331072190871611,
        "f1_macro": 0.6939777961556339,
        "f1_micro": 0.7331072190871613,
        "accuracy": 0.7331072190871611
    },
    "jv-ID": {
        "precision_macro": 0.7264940712727974,
        "precision_micro": 0.7376148845550325,
        "recall_macro": 0.6887384358161506,
        "recall_micro": 0.7376148845550325,
        "f1_macro": 0.6978706452760497,
        "f1_micro": 0.7376148845550324,
        "accuracy": 0.7376148845550325
    },
    "ka-GE": {
        "precision_macro": 0.7273556163739747,
        "precision_micro": 0.7396234028244788,
        "recall_macro": 0.6911069855266793,
        "recall_micro": 0.7396234028244788,
        "f1_macro": 0.6996825514443903,