{
    "af-ZA": {
        "precision_macro": 0.003423549676283903,
        "precision_micro": 0.05447209145931405,
        "recall_macro": 0.017786779027601094,
        "recall_micro": 0.05447209145931405,
        "f1_macro": 0.0038497031379349004,
        "f1_micro": 0.05447209145931405,
        "accuracy": 0.05447209145931405
    },
    "am-ET": {
        "precision_macro": 0.0033330138569833533,
        "precision_micro": 0.05379959650302623,
        "recall_macro": 0.016816366146034024,
        "recall_micro": 0.05379959650302623,
        "f1_macro": 0.003162204906344896,
        "f1_micro": 0.05379959650302623,
        "accuracy": 0.05379959650302623
    },
    "ar-SA": {
        "precision_macro": 0.015802318598813914,
        "precision_micro": 0.05346334902488231,
        "recall_macro": 0.01906948097763304,
        "recall_micro": 0.05346334902488231,
        "f1_macro": 0.004226727080756789,
        "f1_micro": 0.05346334902488231,
        "accuracy": 0.05346334902488231
    }
}