{
    "af-ZA": {
        "precision_macro": 0.5993528768808586,
        "precision_micro": 0.6049092131809012,
        "recall_macro": 0.5474307893339916,
        "recall_micro": 0.6049092131809012,
        "f1_macro": 0.543242541580372,
        "f1_micro": 0.6049092131809012,
        "accuracy": 0.6049092131809012
    },
    "am-ET": {
        "precision_macro": 0.582158287315224,
        "precision_micro": 0.31002017484868866,
        "recall_macro": 0.2858831280093154,
        "recall_micro": 0.31002017484868866,
        "f1_macro": 0.3536805532068697,
        "f1_micro": 0.31002017484868866,
        "accuracy": 0.31002017484868866
    },
    "ar-SA": {
        "precision_macro": 0.6752429810863596,
        "precision_micro": 0.47422102667563326,
        "recall_macro": 0.44906996580985786,
        "recall_micro": 0.47422102667563326,
        "f1_macro": 0.516179914186618,
        "f1_micro": 0.47422102667563326,
        "accuracy": 0.47422102667563326
    },
    "az-AZ": {
        "precision_macro": 0.6541708338561898,
        "precision_micro": 0.5203429724277068,
        "recall_macro": 0.47661646349105047,
        "recall_micro": 0.5203429724277068,
        "f1_macro": 0.5312677384196184,
        "f1_micro": 0.5203429724277068,
        "accuracy": 0.5203429724277068
    },
    "bn-BD": {
        "precision_macro": 0.6833149490117478,
        "precision_micro": 0.5829186281102892,
        "recall_macro": 0.5424481871352532,
        "recall_micro": 0.5829186281102892,
        "f1_macro": 0.5869412626618625,
        "f1_micro": 0.5829186281102892,
        "accuracy": 0.5829186281102892
    },
    "ca-ES": {
        "precision_macro": 0.6894549852085989,
        "precision_micro": 0.6140999775835014,
        "recall_macro": 0.5727246980105242,
        "recall_micro": 0.6140999775835014,
        "f1_macro": 0.6097042564028304,
        "f1_micro": 0.6140999775835014,
        "accuracy": 0.6140999775835014
    },
    "cy-GB": {
        "precision_macro": 0.6508396308670644,
        "precision_micro": 0.5639830915553847,
        "recall_macro": 0.5189168618672196,
        "recall_micro": 0.5639830915553847,
        "f1_macro": 0.5603317383947994,
        "f1_micro": 0.5639830915553847,
        "accuracy": 0.5639830915553847
    },
    "da-DK": {
        "precision_macro": 0.6538609824697865,
        "precision_micro": 0.5864156018829859,
        "recall_macro": 0.5358903864454265,
        "recall_micro": 0.5864156018829859,
        "f1_macro": 0.5735006678330755,
        "f1_micro": 0.5864156018829859,
        "accuracy": 0.5864156018829859
    },
    "de-DE": {
        "precision_macro": 0.6700515742711629,
        "precision_micro": 0.6155196891578869,
        "recall_macro": 0.5682162962487138,
        "recall_micro": 0.6155196891578869,
        "f1_macro": 0.6000335908907104,
        "f1_micro": 0.6155196891578869,
        "accuracy": 0.6155196891578869
    },
    "el-GR": {
        "precision_macro": 0.6834784195093281,
        "precision_micro": 0.6381304640215198,
        "recall_macro": 0.5932335667561002,
        "recall_micro": 0.6381304640215198,
        "f1_macro": 0.6213094787964883,
        "f1_micro": 0.6381304640215198,
        "accuracy": 0.6381304640215198
    },
    "en-US": {
        "precision_macro": 0.6971335759091434,
        "precision_micro": 0.659992663691386,
        "recall_macro": 0.6169092550282768,
        "recall_micro": 0.659992663691386,
        "f1_macro": 0.6409616016933274,
        "f1_micro": 0.659992663691386,
        "accuracy": 0.659992663691386
    },
    "es-ES": {
        "precision_macro": 0.7069518118878121,
        "precision_micro": 0.6765579466487335,
        "recall_macro": 0.6347835108174793,
        "recall_micro": 0.6765579466487335,
        "f1_macro": 0.6557164337228956,
        "f1_micro": 0.6765579466487335,
        "accuracy": 0.6765579466487335
    },
    "fa-IR": {
        "precision_macro": 0.6965595569555539,
        "precision_micro": 0.6731415860534892,
        "recall_macro": 0.6275791389689964,
        "recall_micro": 0.6731415860534892,
        "f1_macro": 0.6472283085516585,
        "f1_micro": 0.6731415860534892,
        "accuracy": 0.6731415860534892
    },
    "fi-FI": {
        "precision_macro": 0.7038442816570541,
        "precision_micro": 0.6858728023825535,
        "recall_macro": 0.6408215002877312,
        "recall_micro": 0.6858728023825535,
        "f1_macro": 0.6583211186696044,
        "f1_micro": 0.6858728023825535,
        "accuracy": 0.6858728023825535
    },
    "fr-FR": {
        "precision_macro": 0.7118158794078708,
        "precision_micro": 0.6982066801165658,
        "recall_macro": 0.6540063211952413,
        "recall_micro": 0.6982066801165658,
        "f1_macro": 0.669595248874595,
        "f1_micro": 0.6982066801165658,
        "accuracy": 0.6982066801165658
    },
    "he-IL": {
        "precision_macro": 0.7002330882794779,
        "precision_micro": 0.687352891728312,
        "recall_macro": 0.6400319884041863,
        "recall_micro": 0.687352891728312,
        "f1_macro": 0.6564636715815068,
        "f1_micro": 0.687352891728312,
        "accuracy": 0.687352891728312
    },
    "hi-IN": {
        "precision_macro": 0.7044226884820209,
        "precision_micro": 0.6965465406068277,
        "recall_macro": 0.649573416991063,
        "recall_micro": 0.6965465406068277,
        "f1_macro": 0.6641914224021487,
        "f1_micro": 0.6965465406068277,
        "accuracy": 0.6965465406068277
    },
    "hu-HU": {
        "precision_macro": 0.709561568697654,
        "precision_micro": 0.7048867966823582,
        "recall_macro": 0.6586155091553143,
        "recall_micro": 0.7048867966823582,
        "f1_macro": 0.671696435281838,
        "f1_micro": 0.7048867966823582,
        "accuracy": 0.7048867966823582
    },
    "hy-AM": {
        "precision_macro": 0.7137490249005879,
        "precision_micro": 0.712065975294659,
        "recall_macro": 0.6655439975570763,
        "recall_micro": 0.712065975294659,
        "f1_macro": 0.6778438962056661,
        "f1_micro": 0.712065975294659,
        "accuracy": 0.712065975294659
    },
    "id-ID": {
        "precision_macro": 0.7190860969449997,
        "precision_micro": 0.7194687289845326,
        "recall_macro": 0.6741035820274975,
        "recall_micro": 0.7194687289845326,
        "f1_macro": 0.6851704677381054,
        "f1_micro": 0.7194687289845326,
        "accuracy": 0.7194687289845326
    },
    "is-IS": {
        "precision_macro": 0.722526579221831,
        "precision_micro": 0.7255900342652192,
        "recall_macro": 0.6810492455187579,
        "recall_micro": 0.7255900342652192,
        "f1_macro": 0.6906819533754543,
        "f1_micro": 0.7255900342652192,
        "accuracy": 0.7255900342652192
    },
    "it-IT": {
        "precision_macro": 0.7207387783401603,
        "precision_micro": 0.726065293146665,
        "recall_macro": 0.6808136742275742,
        "recall_micro": 0.726065293146665,
        "f1_macro": 0.6895354957204826,
        "f1_micro": 0.726065293146665,
        "accuracy": 0.726065293146665
    },
    "ja-JP": {
        "precision_macro": 0.7247309829117913,
        "precision_micro": 0.7321277155638723,
        "recall_macro": 0.686894083549522,
        "recall_micro": 0.7321277155638723,
        "f1_macro": 0.6948781179790825,
        "f1_micro": 0.7321277155638723,
        "accuracy": 0.7321277155638723
    },
    "jv-ID": {
        "precision_macro": 0.7271713416157443,
        "precision_micro": 0.7364800493162968,
        "recall_macro": 0.69218238074448,
        "recall_micro": 0.7364800493162968,
        "f1_macro": 0.6988050653917434,
        "f1_micro": 0.7364800493162967,
        "accuracy": 0.7364800493162968
    },
    "ka-GE": {
        "precision_macro": 0.727256637126791,
        "precision_micro": 0.7386146603900471,
        "recall_macro": 0.6943369148731853,
        "recall_micro": 0.7386146603900471,
        "f1_macro": 0.7001672578683513,