{"train/loss": 2.2057, "train/learning_rate": 2.0008892841262785e-07, "train/epoch": 10.0, "train/global_step": 22490, "_timestamp": 1716323028.695477, "_runtime": 4669.073908090591, "_step": 224, "train/train_runtime": 4670.2556, "train/train_samples_per_second": 616.347, "train/train_steps_per_second": 4.816, "train/total_flos": 1.1861881140528e+17, "train/train_loss": 2.46534016814005, "_wandb": {"runtime": 4823}}