{"train/loss": 0.7101, "train/learning_rate": 2.0008892841262785e-07, "train/epoch": 10.0, "train/global_step": 22490, "_timestamp": 1716334214.2476223, "_runtime": 5775.427483320236, "_step": 224, "train/train_runtime": 5776.6028, "train/train_samples_per_second": 498.303, "train/train_steps_per_second": 3.893, "train/total_flos": 2.3623779909384e+17, "train/train_loss": 0.9500391575536393, "_wandb": {"runtime": 5932}}