{"train/loss": 1.8008, "train/learning_rate": 2.0008892841262785e-07, "train/epoch": 10.0, "train/global_step": 22490, "_timestamp": 1716346541.886418, "_runtime": 5734.75828909874, "_step": 224, "train/train_runtime": 5736.4936, "train/train_samples_per_second": 501.787, "train/train_steps_per_second": 3.921, "train/total_flos": 2.3602954675752e+17, "train/train_loss": 2.002512568248649, "_wandb": {"runtime": 5891}}