{"train/loss": 1.2062, "train/learning_rate": 2.0008892841262785e-07, "train/epoch": 10.0, "train/global_step": 22490, "_timestamp": 1716302771.896929, "_runtime": 4708.415364027023, "_step": 224, "train/train_runtime": 4709.6129, "train/train_samples_per_second": 611.197, "train/train_steps_per_second": 4.775, "train/total_flos": 1.188270637416e+17, "train/train_loss": 1.4960504815969642, "_wandb": {"runtime": 4863}}