{"train/loss": 1.2949, "train/learning_rate": 2.0008892841262785e-07, "train/epoch": 10.0, "train/global_step": 22490, "_timestamp": 1716352689.7894044, "_runtime": 5732.133808374405, "_step": 224, "train/train_runtime": 5733.3215, "train/train_samples_per_second": 502.065, "train/train_steps_per_second": 3.923, "train/total_flos": 2.363472378216e+17, "train/train_loss": 1.526769020145021, "_wandb": {"runtime": 5889}}