{"train/loss": 1.8076, "train/learning_rate": 2.0008892841262785e-07, "train/epoch": 10.0, "train/global_step": 22490, "_timestamp": 1716307820.591962, "_runtime": 4679.474502086639, "_step": 224, "train/train_runtime": 4680.6737, "train/train_samples_per_second": 614.976, "train/train_steps_per_second": 4.805, "train/total_flos": 1.1850937267752e+17, "train/train_loss": 2.0682709459412516, "_wandb": {"runtime": 4834}}