{"train/loss": 1.3064, "train/learning_rate": 2.0008892841262785e-07, "train/epoch": 10.0, "train/global_step": 22490, "_timestamp": 1716312893.1172936, "_runtime": 4695.189045667648, "_step": 224, "train/train_runtime": 4696.3992, "train/train_samples_per_second": 612.916, "train/train_steps_per_second": 4.789, "train/total_flos": 1.188270637416e+17, "train/train_loss": 1.593015840224236, "_wandb": {"runtime": 4851}}