{"train/loss": 1.8313, "train/learning_rate": 4.199644286349489e-05, "train/epoch": 1.6, "train/global_step": 3600, "_timestamp": 1716308952.9991212, "_runtime": 755.070873260498, "_step": 35}