{"train/loss": 2.441, "train/learning_rate": 2.0008892841262785e-07, "train/epoch": 10.0, "train/global_step": 22490, "_timestamp": 1716328076.4538753, "_runtime": 4670.473479270935, "_step": 224, "train/train_runtime": 4671.6537, "train/train_samples_per_second": 616.163, "train/train_steps_per_second": 4.814, "train/total_flos": 1.1850937267752e+17, "train/train_loss": 2.6987869113431926, "_wandb": {"runtime": 4825}}