{"train/loss": 3.3887, "train/learning_rate": 4.4444444444444447e-05, "train/epoch": 1.11, "train/global_step": 200, "_timestamp": 1716292760.6225162, "_runtime": 53.755908250808716, "_step": 1, "_wandb": {"runtime": 73}}