{"train/loss": 1.4794, "train/learning_rate": 4.533125833703868e-05, "train/epoch": 0.93, "train/global_step": 2100, "_timestamp": 1716280134.1882956, "_runtime": 442.84665155410767, "_step": 20}