{"train/loss": 2.332, "train/learning_rate": 4.866607381058249e-05, "train/epoch": 0.27, "train/global_step": 600, "_timestamp": 1716279822.510262, "_runtime": 131.1686179637909, "_step": 5}