{"train/loss": 1.2161, "train/learning_rate": 4.199644286349489e-05, "train/epoch": 1.6, "train/global_step": 3600, "_timestamp": 1716280449.8734677, "_runtime": 758.5318236351013, "_step": 35, "_wandb": {"runtime": 758}}