{"train/loss": 2.203, "train/learning_rate": 2.0008892841262785e-07, "train/epoch": 10.0, "train/global_step": 22490, "_timestamp": 1716364964.4922247, "_runtime": 5752.528159618378, "_step": 224, "train/train_runtime": 5753.7374, "train/train_samples_per_second": 500.284, "train/train_steps_per_second": 3.909, "train/total_flos": 2.3613898548528e+17, "train/train_loss": 2.422846047896287, "_wandb": {"runtime": 5909}}