{"train/loss": 1.6091, "train/learning_rate": 2.0008892841262785e-07, "train/epoch": 10.0, "train/global_step": 22490, "_timestamp": 1716317997.6968057, "_runtime": 4696.155254602432, "_step": 224, "train/train_runtime": 4697.3684, "train/train_samples_per_second": 612.79, "train/train_steps_per_second": 4.788, "train/total_flos": 1.1893650246936e+17, "train/train_loss": 1.892525795291614, "_wandb": {"runtime": 4852}}