{"train/loss": 2.4371, "train/learning_rate": 2.0008892841262785e-07, "train/epoch": 10.0, "train/global_step": 22490, "_timestamp": 1716371075.0325446, "_runtime": 5748.572712659836, "_step": 224, "train/train_runtime": 5749.768, "train/train_samples_per_second": 500.629, "train/train_steps_per_second": 3.911, "train/total_flos": 2.3602954675752e+17, "train/train_loss": 2.644632457361692, "_wandb": {"runtime": 5905}}