{"train/loss": 0.7116, "train/learning_rate": 2.0008892841262785e-07, "train/epoch": 10.0, "train/global_step": 22490, "_timestamp": 1716285345.9225988, "_runtime": 4723.348416805267, "_step": 224, "train/train_runtime": 4724.5299, "train/train_samples_per_second": 609.267, "train/train_steps_per_second": 4.76, "train/total_flos": 1.1871762501384e+17, "train/train_loss": 0.9951996724835604, "_wandb": {"runtime": 4879}}