{"train/loss": 1.2003, "train/learning_rate": 4.132947976878613e-05, "train/epoch": 1.73, "train/global_step": 3900, "_timestamp": 1716281443.974845, "_runtime": 821.4006628990173, "_step": 38}