{
    "af-ZA": {
        "precision_macro": 0.0010388628759927232,
        "precision_micro": 0.050773369199731,
        "recall_macro": 0.015749081427047527,
        "recall_micro": 0.050773369199731,
        "f1_macro": 0.001947319754341899,
        "f1_micro": 0.050773369199731,
        "accuracy": 0.050773369199731
    },
    "am-ET": {
        "precision_macro": 0.0010390341553101888,
        "precision_micro": 0.05447209145931405,
        "recall_macro": 0.01620466398008771,
        "recall_micro": 0.05447209145931405,
        "f1_macro": 0.0019527002238647442,
        "f1_micro": 0.05447209145931405,
        "accuracy": 0.05447209145931405
    },
    "ar-SA": {
        "precision_macro": 0.001015297702761415,
        "precision_micro": 0.05413584398117014,
        "recall_macro": 0.01590711548338667,
        "recall_micro": 0.05413584398117014,
        "f1_macro": 0.0019081829548240534,
        "f1_micro": 0.05413584398117014,
        "accuracy": 0.05413584398117014
    }
}