{
    "af-ZA": {
        "precision_macro": 0.6852536318502291,
        "precision_micro": 0.7612642905178211,
        "recall_macro": 0.694125106516161,
        "recall_micro": 0.7612642905178211,
        "f1_macro": 0.679986208855315,
        "f1_micro": 0.7612642905178212,
        "accuracy": 0.7612642905178211
    },
    "am-ET": {
        "precision_macro": 0.6254719523011758,
        "precision_micro": 0.675857431069267,
        "recall_macro": 0.5860947020014929,
        "recall_micro": 0.675857431069267,
        "f1_macro": 0.593976096582781,
        "f1_micro": 0.675857431069267,
        "accuracy": 0.675857431069267
    },
    "ar-SA": {
        "precision_macro": 0.6757135500548777,
        "precision_micro": 0.7255099753418516,
        "recall_macro": 0.6465651819040751,
        "recall_micro": 0.7255099753418516,
        "f1_macro": 0.6542051080253983,
        "f1_micro": 0.7255099753418516,
        "accuracy": 0.7255099753418516
    },
    "az-AZ": {
        "precision_macro": 0.6984149745986971,
        "precision_micro": 0.7481506388702085,
        "recall_macro": 0.6761423553706223,
        "recall_micro": 0.7481506388702085,
        "f1_macro": 0.6809913127475897,
        "f1_micro": 0.7481506388702086,
        "accuracy": 0.7481506388702085
    },
    "bn-BD": {
        "precision_macro": 0.7230757525945618,
        "precision_micro": 0.770275722932078,
        "recall_macro": 0.7069846119591868,
        "recall_micro": 0.770275722932078,
        "f1_macro": 0.7093612073338844,
        "f1_micro": 0.770275722932078,
        "accuracy": 0.770275722932078
    },
    "ca-ES": {
        "precision_macro": 0.732327054429304,
        "precision_micro": 0.7796458193230218,
        "recall_macro": 0.7207714620017629,
        "recall_micro": 0.7796458193230218,
        "f1_macro": 0.72093591124957,
        "f1_micro": 0.7796458193230218,
        "accuracy": 0.7796458193230218
    },
    "cy-GB": {
        "precision_macro": 0.7038995797393054,
        "precision_micro": 0.7423863963877414,
        "recall_macro": 0.6767071693660592,
        "recall_micro": 0.7423863963877414,
        "f1_macro": 0.6830825621275786,
        "f1_micro": 0.7423863963877414,
        "accuracy": 0.7423863963877414
    },
    "da-DK": {
        "precision_macro": 0.7172689355502061,
        "precision_micro": 0.7568930733019502,
        "recall_macro": 0.6932077124703722,
        "recall_micro": 0.7568930733019502,
        "f1_macro": 0.6989849454092883,
        "f1_micro": 0.7568930733019502,
        "accuracy": 0.7568930733019502
    },
    "de-DE": {
        "precision_macro": 0.7283016144215847,
        "precision_micro": 0.7690727041769408,
        "recall_macro": 0.709832184295671,
        "recall_micro": 0.7690727041769408,
        "f1_macro": 0.7133974809632023,
        "f1_micro": 0.7690727041769408,
        "accuracy": 0.7690727041769408
    },
    "el-GR": {
        "precision_macro": 0.7382642685568668,
        "precision_micro": 0.7786482851378614,
        "recall_macro": 0.7217663498899501,
        "recall_micro": 0.7786482851378614,
        "f1_macro": 0.7250010606593993,
        "f1_micro": 0.7786482851378614,
        "accuracy": 0.7786482851378614
    },
    "en-US": {
        "precision_macro": 0.7484984225799497,
        "precision_micro": 0.7885309042000367,
        "recall_macro": 0.7353030143910032,
        "recall_micro": 0.7885309042000367,
        "f1_macro": 0.7368952977748282,
        "f1_micro": 0.7885309042000367,
        "accuracy": 0.7885309042000367
    },
    "es-ES": {
        "precision_macro": 0.7555140055001174,
        "precision_micro": 0.7957016364043936,
        "recall_macro": 0.7451440823068409,
        "recall_micro": 0.7957016364043936,
        "f1_macro": 0.7453899728998864,
        "f1_micro": 0.7957016364043936,
        "accuracy": 0.7957016364043936
    },
    "fa-IR": {
        "precision_macro": 0.7589309727526624,
        "precision_micro": 0.7996482334074803,
        "recall_macro": 0.750016047475257,
        "recall_micro": 0.7996482334074803,
        "f1_macro": 0.7492991516309199,
        "f1_micro": 0.7996482334074803,
        "accuracy": 0.7996482334074803
    },
    "fi-FI": {
        "precision_macro": 0.7633975565853551,
        "precision_micro": 0.8045201268133346,
        "recall_macro": 0.755761401244743,
        "recall_micro": 0.8045201268133346,
        "f1_macro": 0.7548087678714387,
        "f1_micro": 0.8045201268133346,
        "accuracy": 0.8045201268133346
    },
    "fr-FR": {
        "precision_macro": 0.7671468865277382,
        "precision_micro": 0.8090562654113428,
        "recall_macro": 0.7608732686208834,
        "recall_micro": 0.8090562654113428,
        "f1_macro": 0.7594443095341018,
        "f1_micro": 0.8090562654113428,
        "accuracy": 0.8090562654113428
    },
    "he-IL": {
        "precision_macro": 0.7622113489000717,
        "precision_micro": 0.8068048083389374,
        "recall_macro": 0.7553590818942802,
        "recall_micro": 0.8068048083389374,
        "f1_macro": 0.7542752580841406,
        "f1_micro": 0.8068048083389374,
        "accuracy": 0.8068048083389374
    },
    "hi-IN": {
        "precision_macro": 0.7655460723516548,
        "precision_micro": 0.8105937734878753,
        "recall_macro": 0.7593923439232498,
        "recall_micro": 0.8105937734878753,
        "f1_macro": 0.7581606241629012,
        "f1_micro": 0.8105937734878754,
        "accuracy": 0.8105937734878753
    },
    "hu-HU": {
        "precision_macro": 0.7695584797266578,
        "precision_micro": 0.8142045879100351,
        "recall_macro": 0.76398128769216,
        "recall_micro": 0.8142045879100351,
        "f1_macro": 0.7625044656823206,
        "f1_micro": 0.8142045879100351,
        "accuracy": 0.8142045879100351
    },
    "hy-AM": {
        "precision_macro": 0.7709076225777546,
        "precision_micro": 0.8162142073408134,
        "recall_macro": 0.7661455678559005,
        "recall_micro": 0.8162142073408134,
        "f1_macro": 0.764471701923924,
        "f1_micro": 0.8162142073408134,
        "accuracy": 0.8162142073408134
    },
    "id-ID": {
        "precision_macro": 0.7743174801660095,
        "precision_micro": 0.8191829186281103,
        "recall_macro": 0.7707596649920391,
        "recall_micro": 0.8191829186281103,
        "f1_macro": 0.7683869731333418,
        "f1_micro": 0.8191829186281102,
        "accuracy": 0.8191829186281103
    },
    "is-IS": {
        "precision_macro": 0.7763275242345485,
        "precision_micro": 0.8215806833829699,
        "recall_macro": 0.7735972379657128,
        "recall_micro": 0.8215806833829699,
        "f1_macro": 0.770788468021946,
        "f1_micro": 0.8215806833829699,
        "accuracy": 0.8215806833829699
    },
    "it-IT": {
        "precision_macro": 0.7758338234961756,
        "precision_micro": 0.8220028122516354,
        "recall_macro": 0.773070346876004,
        "recall_micro": 0.8220028122516354,
        "f1_macro": 0.7702012222055764,
        "f1_micro": 0.8220028122516354,
        "accuracy": 0.8220028122516354
    },
    "ja-JP": {
        "precision_macro": 0.7784092370730105,
        "precision_micro": 0.8244788164088769,
        "recall_macro": 0.7761049064203642,
        "recall_micro": 0.8244788164088769,
        "f1_macro": 0.7731155662159281,
        "f1_micro": 0.8244788164088769,
        "accuracy": 0.8244788164088769
    },
    "jv-ID": {
        "precision_macro": 0.7789805824371332,
        "precision_micro": 0.825291414481058,
        "recall_macro": 0.777644111536045,
        "recall_micro": 0.825291414481058,
        "f1_macro": 0.7740926899821929,
        "f1_micro": 0.8252914144810579,
        "accuracy": 0.825291414481058
    },
    "ka-GE": {
        "precision_macro": 0.7790023686914723,
        "precision_micro": 0.8249495628782784,
        "recall_macro": 0.7774634702534235,
        "recall_micro": 0.8249495628782784,
        "f1_macro": 0.7741598654399326,