{
    "af-ZA": {
        "precision_macro": 0.7291016354332385,
        "precision_micro": 0.7807666442501682,
        "recall_macro": 0.7264853622174664,
        "recall_micro": 0.7807666442501682,
        "f1_macro": 0.7170755520264529,
        "f1_micro": 0.7807666442501682,
        "accuracy": 0.7807666442501682
    },
    "am-ET": {
        "precision_macro": 0.6485350592359223,
        "precision_micro": 0.6975453934095495,
        "recall_macro": 0.6173301278656231,
        "recall_micro": 0.6975453934095495,
        "f1_macro": 0.6217172107381065,
        "f1_micro": 0.6975453934095495,
        "accuracy": 0.6975453934095495
    },
    "ar-SA": {
        "precision_macro": 0.6876034010708695,
        "precision_micro": 0.7389598744676081,
        "recall_macro": 0.667591218849162,
        "recall_micro": 0.7389598744676081,
        "f1_macro": 0.6711037740284572,
        "f1_micro": 0.7389598744676082,
        "accuracy": 0.7389598744676081
    },
    "az-AZ": {
        "precision_macro": 0.7074588272449148,
        "precision_micro": 0.757985877605918,
        "recall_macro": 0.6916832381039052,
        "recall_micro": 0.757985877605918,
        "f1_macro": 0.694098084472991,
        "f1_micro": 0.757985877605918,
        "accuracy": 0.757985877605918
    },
    "bn-BD": {
        "precision_macro": 0.729490277761096,
        "precision_micro": 0.777404169468729,
        "recall_macro": 0.7189178402034798,
        "recall_micro": 0.777404169468729,
        "f1_macro": 0.7193753027931457,
        "f1_micro": 0.777404169468729,
        "accuracy": 0.777404169468729
    },
    "ca-ES": {
        "precision_macro": 0.7412778902375605,
        "precision_micro": 0.7881640887693342,
        "recall_macro": 0.732375238049171,
        "recall_micro": 0.7881640887693342,
        "f1_macro": 0.7323870626447032,
        "f1_micro": 0.7881640887693342,
        "accuracy": 0.7881640887693342
    },
    "cy-GB": {
        "precision_macro": 0.7164916129314947,
        "precision_micro": 0.7534825631664905,
        "recall_macro": 0.6873637893160008,
        "recall_micro": 0.7534825631664905,
        "f1_macro": 0.6957605058904109,
        "f1_micro": 0.7534825631664904,
        "accuracy": 0.7534825631664905
    },
    "da-DK": {
        "precision_macro": 0.7276384398818727,
        "precision_micro": 0.7666442501681238,
        "recall_macro": 0.7019769391402274,
        "recall_micro": 0.7666442501681238,
        "f1_macro": 0.7090782250284436,
        "f1_micro": 0.7666442501681238,
        "accuracy": 0.7666442501681238
    },
    "de-DE": {
        "precision_macro": 0.7386625486552119,
        "precision_micro": 0.7780766644250168,
        "recall_macro": 0.7173740115117035,
        "recall_micro": 0.7780766644250168,
        "f1_macro": 0.7226842531708003,
        "f1_micro": 0.7780766644250168,
        "accuracy": 0.7780766644250168
    },
    "el-GR": {
        "precision_macro": 0.7479639677385583,
        "precision_micro": 0.7867518493611297,
        "recall_macro": 0.7284320254768807,
        "recall_micro": 0.7867518493611297,
        "f1_macro": 0.7334393801802038,
        "f1_micro": 0.7867518493611296,
        "accuracy": 0.7867518493611297
    },
    "en-US": {
        "precision_macro": 0.7575898874188988,
        "precision_micro": 0.796050620529437,
        "recall_macro": 0.7409157524250725,
        "recall_micro": 0.796050620529437,
        "f1_macro": 0.7446142725048707,
        "f1_micro": 0.796050620529437,
        "accuracy": 0.796050620529437
    },
    "es-ES": {
        "precision_macro": 0.7631821917961464,
        "precision_micro": 0.8025666890831652,
        "recall_macro": 0.7499484002242411,
        "recall_micro": 0.8025666890831652,
        "f1_macro": 0.752121804269587,
        "f1_micro": 0.8025666890831652,
        "accuracy": 0.8025666890831652
    },
    "fa-IR": {
        "precision_macro": 0.7664524451588003,
        "precision_micro": 0.8062955873984792,
        "recall_macro": 0.7552598369044045,
        "recall_micro": 0.8062955873984792,
        "f1_macro": 0.7562423083373241,
        "f1_micro": 0.8062955873984792,
        "accuracy": 0.8062955873984792
    },
    "fi-FI": {
        "precision_macro": 0.7707315436753803,
        "precision_micro": 0.8108367758670382,
        "recall_macro": 0.7616971901984458,
        "recall_micro": 0.8108367758670382,
        "f1_macro": 0.7617356626916003,
        "f1_micro": 0.8108367758670381,
        "accuracy": 0.8108367758670382
    },
    "fr-FR": {
        "precision_macro": 0.7746696053790111,
        "precision_micro": 0.8153777180004483,
        "recall_macro": 0.7661724737661006,
        "recall_micro": 0.8153777180004483,
        "f1_macro": 0.7660481922395016,
        "f1_micro": 0.8153777180004483,
        "accuracy": 0.8153777180004483
    },
    "he-IL": {
        "precision_macro": 0.7704738320763893,
        "precision_micro": 0.8127101546738399,
        "recall_macro": 0.7608990981036052,
        "recall_micro": 0.8127101546738399,
        "f1_macro": 0.7613845031382859,
        "f1_micro": 0.8127101546738399,
        "accuracy": 0.8127101546738399
    },
    "hi-IN": {
        "precision_macro": 0.7735019413414208,
        "precision_micro": 0.8162902013529016,
        "recall_macro": 0.7658178348274111,
        "recall_micro": 0.8162902013529016,
        "f1_macro": 0.7653367336389922,
        "f1_micro": 0.8162902013529016,
        "accuracy": 0.8162902013529016
    },
    "hu-HU": {
        "precision_macro": 0.7769089112450536,
        "precision_micro": 0.8194351042367182,
        "recall_macro": 0.7690526880333957,
        "recall_micro": 0.8194351042367182,
        "f1_macro": 0.7689511601292426,
        "f1_micro": 0.8194351042367183,
        "accuracy": 0.8194351042367182
    },
    "hy-AM": {
        "precision_macro": 0.7786962622972123,
        "precision_micro": 0.8215587725197324,
        "recall_macro": 0.7720995329355615,
        "recall_micro": 0.8215587725197324,
        "f1_macro": 0.7714269322028334,
        "f1_micro": 0.8215587725197323,
        "accuracy": 0.8215587725197324
    },
    "id-ID": {
        "precision_macro": 0.7815001798414939,
        "precision_micro": 0.824310692669805,
        "recall_macro": 0.7758997578506265,
        "recall_micro": 0.824310692669805,
        "f1_macro": 0.7746443794804254,
        "f1_micro": 0.824310692669805,
        "accuracy": 0.824310692669805
    },
    "is-IS": {
        "precision_macro": 0.783221403827689,
        "precision_micro": 0.8263682070003523,
        "recall_macro": 0.7785234678770477,
        "recall_micro": 0.8263682070003523,
        "f1_macro": 0.7768159811427158,
        "f1_micro": 0.8263682070003523,
        "accuracy": 0.8263682070003523
    },
    "it-IT": {
        "precision_macro": 0.7827454446983217,
        "precision_micro": 0.826817264779605,
        "recall_macro": 0.7785287020583832,
        "recall_micro": 0.826817264779605,
        "f1_macro": 0.7764113779759586,
        "f1_micro": 0.826817264779605,
        "accuracy": 0.826817264779605
    },
    "ja-JP": {
        "precision_macro": 0.7848790283032867,
        "precision_micro": 0.8290254670916055,
        "recall_macro": 0.7817624874461568,
        "recall_micro": 0.8290254670916055,
        "f1_macro": 0.7790435274970428,
        "f1_micro": 0.8290254670916055,
        "accuracy": 0.8290254670916055
    },
    "jv-ID": {
        "precision_macro": 0.7855230894998608,
        "precision_micro": 0.8298447657475903,
        "recall_macro": 0.7829839304271176,
        "recall_micro": 0.8298447657475903,
        "f1_macro": 0.779889357754523,
        "f1_micro": 0.8298447657475903,
        "accuracy": 0.8298447657475903
    },
    "ka-GE": {
        "precision_macro": 0.7855072383839228,
        "precision_micro": 0.8293207800941493,
        "recall_macro": 0.7828701978180209,
        "recall_micro": 0.8293207800941493,
        "f1_macro": 0.7799392976580471,