{
    "af-ZA": {
        "precision_macro": 0.7127379001689612,
        "precision_micro": 0.7763954270342972,
        "recall_macro": 0.7012776621437926,
        "recall_micro": 0.7763954270342972,
        "f1_macro": 0.69565548570617,
        "f1_micro": 0.7763954270342972,
        "accuracy": 0.7763954270342972
    },
    "am-ET": {
        "precision_macro": 0.6459428741041181,
        "precision_micro": 0.6987222595830531,
        "recall_macro": 0.6050960255960256,
        "recall_micro": 0.6987222595830531,
        "f1_macro": 0.6130567064086531,
        "f1_micro": 0.6987222595830531,
        "accuracy": 0.6987222595830531
    },
    "ar-SA": {
        "precision_macro": 0.6900683891572407,
        "precision_micro": 0.7412015243219009,
        "recall_macro": 0.662367838255262,
        "recall_micro": 0.7412015243219009,
        "f1_macro": 0.6687191470098025,
        "f1_micro": 0.7412015243219009,
        "accuracy": 0.7412015243219009
    },
    "az-AZ": {
        "precision_macro": 0.706164143564244,
        "precision_micro": 0.7594149293880296,
        "recall_macro": 0.6855941358102488,
        "recall_micro": 0.7594149293880296,
        "f1_macro": 0.6899466694503966,
        "f1_micro": 0.7594149293880296,
        "accuracy": 0.7594149293880296
    },
    "bn-BD": {
        "precision_macro": 0.7293522803230564,
        "precision_micro": 0.7793544048419637,
        "recall_macro": 0.7159946093902984,
        "recall_micro": 0.7793544048419637,
        "f1_macro": 0.717361713484555,
        "f1_micro": 0.7793544048419637,
        "accuracy": 0.7793544048419637
    },
    "ca-ES": {
        "precision_macro": 0.7412521648263692,
        "precision_micro": 0.7890607487110514,
        "recall_macro": 0.729177924375584,
        "recall_micro": 0.7890607487110514,
        "f1_macro": 0.7300217356851894,
        "f1_micro": 0.7890607487110514,
        "accuracy": 0.7890607487110514
    },
    "cy-GB": {
        "precision_macro": 0.7104547123135722,
        "precision_micro": 0.7544913056009223,
        "recall_macro": 0.6871348964833822,
        "recall_micro": 0.7544913056009223,
        "f1_macro": 0.6920409936568839,
        "f1_micro": 0.7544913056009223,
        "accuracy": 0.7544913056009223
    },
    "da-DK": {
        "precision_macro": 0.7226533071425378,
        "precision_micro": 0.7681153328850033,
        "recall_macro": 0.7036342356216364,
        "recall_micro": 0.7681153328850033,
        "f1_macro": 0.7073507603880357,
        "f1_micro": 0.7681153328850034,
        "accuracy": 0.7681153328850033
    },
    "de-DE": {
        "precision_macro": 0.7345368148951743,
        "precision_micro": 0.7791601285212583,
        "recall_macro": 0.7195010199149496,
        "recall_micro": 0.7791601285212583,
        "f1_macro": 0.7214714624474996,
        "f1_micro": 0.7791601285212582,
        "accuracy": 0.7791601285212583
    },
    "el-GR": {
        "precision_macro": 0.7432493612924802,
        "precision_micro": 0.7873570948217888,
        "recall_macro": 0.7298563027557,
        "recall_micro": 0.7873570948217888,
        "f1_macro": 0.7316276049568631,
        "f1_micro": 0.7873570948217888,
        "accuracy": 0.7873570948217888
    },
    "en-US": {
        "precision_macro": 0.7535173026163839,
        "precision_micro": 0.7966314116280492,
        "recall_macro": 0.7428649041539053,
        "recall_micro": 0.7966314116280492,
        "f1_macro": 0.7433084074921701,
        "f1_micro": 0.7966314116280491,
        "accuracy": 0.7966314116280492
    },
    "es-ES": {
        "precision_macro": 0.7598975568071281,
        "precision_micro": 0.8029589778076665,
        "recall_macro": 0.7516723394357858,
        "recall_micro": 0.8029589778076665,
        "f1_macro": 0.7508565523455535,
        "f1_micro": 0.8029589778076665,
        "accuracy": 0.8029589778076665
    },
    "fa-IR": {
        "precision_macro": 0.7619452906279724,
        "precision_micro": 0.8061921266359733,
        "recall_macro": 0.7538890731056841,
        "recall_micro": 0.8061921266359733,
        "f1_macro": 0.7531325143861303,
        "f1_micro": 0.8061921266359733,
        "accuracy": 0.8061921266359733
    },
    "fi-FI": {
        "precision_macro": 0.766578334583434,
        "precision_micro": 0.8108607935440484,
        "recall_macro": 0.7606484631271242,
        "recall_micro": 0.8108607935440484,
        "f1_macro": 0.7589465647300023,
        "f1_micro": 0.8108607935440484,
        "accuracy": 0.8108607935440484
    },
    "fr-FR": {
        "precision_macro": 0.7708457321608394,
        "precision_micro": 0.8154001344989913,
        "recall_macro": 0.7657976323414533,
        "recall_micro": 0.8154001344989913,
        "f1_macro": 0.7638151109808651,
        "f1_micro": 0.8154001344989913,
        "accuracy": 0.8154001344989913
    },
    "he-IL": {
        "precision_macro": 0.7665967528402626,
        "precision_micro": 0.8132775722932079,
        "recall_macro": 0.761016684379267,
        "recall_micro": 0.8132775722932079,
        "f1_macro": 0.7593837333899514,
        "f1_micro": 0.8132775722932079,
        "accuracy": 0.8132775722932079
    },
    "hi-IN": {
        "precision_macro": 0.7698820892120267,
        "precision_micro": 0.8167451244115669,
        "recall_macro": 0.7648109732740246,
        "recall_micro": 0.8167451244115669,
        "f1_macro": 0.7631369494484357,
        "f1_micro": 0.8167451244115669,
        "accuracy": 0.8167451244115669
    },
    "hu-HU": {
        "precision_macro": 0.7731007891946059,
        "precision_micro": 0.8199021146230292,
        "recall_macro": 0.7679247242018985,
        "recall_micro": 0.8199021146230292,
        "f1_macro": 0.7664974600304562,
        "f1_micro": 0.8199021146230292,
        "accuracy": 0.8199021146230292
    },
    "hy-AM": {
        "precision_macro": 0.7749522134108502,
        "precision_micro": 0.8220542951191024,
        "recall_macro": 0.7703573129429009,
        "recall_micro": 0.8220542951191024,
        "f1_macro": 0.7688463617200008,
        "f1_micro": 0.8220542951191024,
        "accuracy": 0.8220542951191024
    },
    "id-ID": {
        "precision_macro": 0.7783253803638829,
        "precision_micro": 0.8247814391392064,
        "recall_macro": 0.7748393072732018,
        "recall_micro": 0.8247814391392064,
        "f1_macro": 0.7727159919472125,
        "f1_micro": 0.8247814391392064,
        "accuracy": 0.8247814391392064
    },
    "is-IS": {
        "precision_macro": 0.7801109488117461,
        "precision_micro": 0.8268805841099048,
        "recall_macro": 0.7777410104321176,
        "recall_micro": 0.8268805841099048,
        "f1_macro": 0.7750345743243082,
        "f1_micro": 0.8268805841099048,
        "accuracy": 0.8268805841099048
    },
    "it-IT": {
        "precision_macro": 0.7795915507479696,
        "precision_micro": 0.8272910680442624,
        "recall_macro": 0.7773351329666739,
        "recall_micro": 0.8272910680442624,
        "f1_macro": 0.7744559319143526,
        "f1_micro": 0.8272910680442623,
        "accuracy": 0.8272910680442624
    },
    "ja-JP": {
        "precision_macro": 0.7815100756708542,
        "precision_micro": 0.8294055729364639,
        "recall_macro": 0.7801617201397585,
        "recall_micro": 0.8294055729364639,
        "f1_macro": 0.7769035998109267,
        "f1_micro": 0.8294055729364639,
        "accuracy": 0.8294055729364639
    },
    "jv-ID": {
        "precision_macro": 0.782551529955958,
        "precision_micro": 0.8304331988343421,
        "recall_macro": 0.7817900659367609,
        "recall_micro": 0.8304331988343421,
        "f1_macro": 0.7781792302759722,
        "f1_micro": 0.8304331988343422,
        "accuracy": 0.8304331988343421
    },
    "ka-GE": {
        "precision_macro": 0.7827441818971249,
        "precision_micro": 0.8300336247478144,
        "recall_macro": 0.7816283065693141,
        "recall_micro": 0.8300336247478144,
        "f1_macro": 0.7783112266125497,