{
    "af-ZA": {
        "precision_macro": 0.7085966570103955,
        "precision_micro": 0.7689979825151312,
        "recall_macro": 0.6991495437213673,
        "recall_micro": 0.7689979825151312,
        "f1_macro": 0.6916130301188734,
        "f1_micro": 0.7689979825151312,
        "accuracy": 0.7689979825151312
    },
    "am-ET": {
        "precision_macro": 0.6343768444881264,
        "precision_micro": 0.6881304640215198,
        "recall_macro": 0.6075982927872862,
        "recall_micro": 0.6881304640215198,
        "f1_macro": 0.6096440193946504,
        "f1_micro": 0.6881304640215198,
        "accuracy": 0.6881304640215198
    },
    "ar-SA": {
        "precision_macro": 0.675251306116813,
        "precision_micro": 0.7294328625868639,
        "recall_macro": 0.6563905656240472,
        "recall_micro": 0.7294328625868639,
        "f1_macro": 0.6595510901054856,
        "f1_micro": 0.7294328625868639,
        "accuracy": 0.7294328625868639
    },
    "az-AZ": {
        "precision_macro": 0.694414782389709,
        "precision_micro": 0.7505884330867518,
        "recall_macro": 0.6817948525151964,
        "recall_micro": 0.7505884330867518,
        "f1_macro": 0.6824550777347724,
        "f1_micro": 0.7505884330867517,
        "accuracy": 0.7505884330867518
    },
    "bn-BD": {
        "precision_macro": 0.7168266577816189,
        "precision_micro": 0.770880968392737,
        "recall_macro": 0.7116612917050056,
        "recall_micro": 0.770880968392737,
        "f1_macro": 0.7091790470822904,
        "f1_micro": 0.770880968392737,
        "accuracy": 0.770880968392737
    },
    "ca-ES": {
        "precision_macro": 0.7266934291919546,
        "precision_micro": 0.7800381080475229,
        "recall_macro": 0.7226394358764521,
        "recall_micro": 0.7800381080475229,
        "f1_macro": 0.7196868142170971,
        "f1_micro": 0.7800381080475229,
        "accuracy": 0.7800381080475229
    },
    "cy-GB": {
        "precision_macro": 0.702822990385108,
        "precision_micro": 0.7477183206840234,
        "recall_macro": 0.6833735131841546,
        "recall_micro": 0.7477183206840234,
        "f1_macro": 0.686676683495534,
        "f1_micro": 0.7477183206840234,
        "accuracy": 0.7477183206840234
    },
    "da-DK": {
        "precision_macro": 0.7125167137564403,
        "precision_micro": 0.7602135171486214,
        "recall_macro": 0.697015902713005,
        "recall_micro": 0.7602135171486214,
        "f1_macro": 0.698670172219382,
        "f1_micro": 0.7602135171486214,
        "accuracy": 0.7602135171486214
    },
    "de-DE": {
        "precision_macro": 0.7247797319679248,
        "precision_micro": 0.7721736531420459,
        "recall_macro": 0.7122922799547362,
        "recall_micro": 0.7721736531420459,
        "f1_macro": 0.7131327615771024,
        "f1_micro": 0.772173653142046,
        "accuracy": 0.7721736531420459
    },
    "el-GR": {
        "precision_macro": 0.7331661196925867,
        "precision_micro": 0.7808002689979825,
        "recall_macro": 0.722795267063981,
        "recall_micro": 0.7808002689979825,
        "f1_macro": 0.7233197702148232,
        "f1_micro": 0.7808002689979825,
        "accuracy": 0.7808002689979825
    },
    "en-US": {
        "precision_macro": 0.7436320039295647,
        "precision_micro": 0.7908540685944856,
        "recall_macro": 0.7359781819656325,
        "recall_micro": 0.7908540685944856,
        "f1_macro": 0.7352398522123873,
        "f1_micro": 0.7908540685944855,
        "accuracy": 0.7908540685944856
    },
    "es-ES": {
        "precision_macro": 0.7502600371986498,
        "precision_micro": 0.7975790181573639,
        "recall_macro": 0.7446142085041555,
        "recall_micro": 0.7975790181573639,
        "f1_macro": 0.742974821002027,
        "f1_micro": 0.797579018157364,
        "accuracy": 0.7975790181573639
    },
    "fa-IR": {
        "precision_macro": 0.7528245612664735,
        "precision_micro": 0.8013036056075733,
        "recall_macro": 0.7474765883842424,
        "recall_micro": 0.8013036056075733,
        "f1_macro": 0.745752820154219,
        "f1_micro": 0.8013036056075732,
        "accuracy": 0.8013036056075733
    },
    "fi-FI": {
        "precision_macro": 0.7578003379293141,
        "precision_micro": 0.806273417235085,
        "recall_macro": 0.7535010491334216,
        "recall_micro": 0.806273417235085,
        "f1_macro": 0.7515654223966945,
        "f1_micro": 0.806273417235085,
        "accuracy": 0.806273417235085
    },
    "fr-FR": {
        "precision_macro": 0.7615118764376426,
        "precision_micro": 0.810535754315176,
        "recall_macro": 0.7583719193229647,
        "recall_micro": 0.810535754315176,
        "f1_macro": 0.7559986156186952,
        "f1_micro": 0.810535754315176,
        "accuracy": 0.810535754315176
    },
    "he-IL": {
        "precision_macro": 0.7572238492854313,
        "precision_micro": 0.808422999327505,
        "recall_macro": 0.7538027808232662,
        "recall_micro": 0.808422999327505,
        "f1_macro": 0.7516579178650046,
        "f1_micro": 0.8084229993275049,
        "accuracy": 0.808422999327505
    },
    "hi-IN": {
        "precision_macro": 0.7605175596566937,
        "precision_micro": 0.8124728035127972,
        "recall_macro": 0.7580830842590888,
        "recall_micro": 0.8124728035127972,
        "f1_macro": 0.7556908383437523,
        "f1_micro": 0.8124728035127973,
        "accuracy": 0.8124728035127972
    },
    "hu-HU": {
        "precision_macro": 0.7641741498195856,
        "precision_micro": 0.8156616603153254,
        "recall_macro": 0.762340453842484,
        "recall_micro": 0.8156616603153254,
        "f1_macro": 0.7596606086983065,
        "f1_micro": 0.8156616603153254,
        "accuracy": 0.8156616603153254
    },
    "hy-AM": {
        "precision_macro": 0.7653909442829441,
        "precision_micro": 0.8175238027820054,
        "recall_macro": 0.7643123829202371,
        "recall_micro": 0.8175238027820054,
        "f1_macro": 0.7614307847445668,
        "f1_micro": 0.8175238027820054,
        "accuracy": 0.8175238027820054
    },
    "id-ID": {
        "precision_macro": 0.7691039506865385,
        "precision_micro": 0.8205783456624075,
        "recall_macro": 0.7692522885913137,
        "recall_micro": 0.8205783456624075,
        "f1_macro": 0.7656864679744421,
        "f1_micro": 0.8205783456624076,
        "accuracy": 0.8205783456624075
    },
    "is-IS": {
        "precision_macro": 0.7713642024257631,
        "precision_micro": 0.8227815672334838,
        "recall_macro": 0.772257594865865,
        "recall_micro": 0.8227815672334838,
        "f1_macro": 0.7682951834302145,
        "f1_micro": 0.822781567233484,
        "accuracy": 0.8227815672334838
    },
    "it-IT": {
        "precision_macro": 0.7705115469764353,
        "precision_micro": 0.8230879745674635,
        "recall_macro": 0.7714926350593893,
        "recall_micro": 0.8230879745674635,
        "f1_macro": 0.7673524957186577,
        "f1_micro": 0.8230879745674635,
        "accuracy": 0.8230879745674635
    },
    "ja-JP": {
        "precision_macro": 0.7729278508352878,
        "precision_micro": 0.8252097891874507,
        "recall_macro": 0.7744105127434787,
        "recall_micro": 0.8252097891874507,
        "f1_macro": 0.7701039569407906,
        "f1_micro": 0.8252097891874507,
        "accuracy": 0.8252097891874507
    },
    "jv-ID": {
        "precision_macro": 0.7742927445328119,
        "precision_micro": 0.8262441156691325,
        "recall_macro": 0.7761532152361117,
        "recall_micro": 0.8262441156691325,
        "f1_macro": 0.77157851057314,
        "f1_micro": 0.8262441156691325,
        "accuracy": 0.8262441156691325
    },
    "ka-GE": {
        "precision_macro": 0.7747296011904397,
        "precision_micro": 0.8260793544048419,
        "recall_macro": 0.7762531689986939,
        "recall_micro": 0.8260793544048419,
        "f1_macro": 0.7719287122371171,
        "f1_micro": 0.8260793544048419,