{
    "af-ZA": {
        "precision_macro": 0.7331525335278127,
        "precision_micro": 0.7730329522528581,
        "recall_macro": 0.7192681415035979,
        "recall_micro": 0.7730329522528581,
        "f1_macro": 0.7123123135225138,
        "f1_micro": 0.7730329522528581,
        "accuracy": 0.7730329522528581
    },
    "am-ET": {
        "precision_macro": 0.64122147574584,
        "precision_micro": 0.6906523201075991,
        "recall_macro": 0.6022774522793056,
        "recall_micro": 0.6906523201075991,
        "f1_macro": 0.6109452337784104,
        "f1_micro": 0.6906523201075991,
        "accuracy": 0.6906523201075991
    },
    "ar-SA": {
        "precision_macro": 0.6877458980956856,
        "precision_micro": 0.734364492266308,
        "recall_macro": 0.6623026614827947,
        "recall_micro": 0.734364492266308,
        "f1_macro": 0.6689933641454072,
        "f1_micro": 0.734364492266308,
        "accuracy": 0.734364492266308
    },
    "az-AZ": {
        "precision_macro": 0.7087551237074007,
        "precision_micro": 0.7564727639542703,
        "recall_macro": 0.6893640208191709,
        "recall_micro": 0.7564727639542703,
        "f1_macro": 0.6935788777178906,
        "f1_micro": 0.7564727639542704,
        "accuracy": 0.7564727639542703
    },
    "bn-BD": {
        "precision_macro": 0.7300920235087516,
        "precision_micro": 0.7763281775386685,
        "recall_macro": 0.7172882210520212,
        "recall_micro": 0.7763281775386685,
        "f1_macro": 0.7186476794761435,
        "f1_micro": 0.7763281775386685,
        "accuracy": 0.7763281775386685
    },
    "ca-ES": {
        "precision_macro": 0.7404783564626121,
        "precision_micro": 0.786202645146828,
        "recall_macro": 0.7282917168557997,
        "recall_micro": 0.786202645146828,
        "f1_macro": 0.729130511573463,
        "f1_micro": 0.786202645146828,
        "accuracy": 0.786202645146828
    },
    "cy-GB": {
        "precision_macro": 0.7138580608741635,
        "precision_micro": 0.7498318762609281,
        "recall_macro": 0.6846196683716705,
        "recall_micro": 0.7498318762609281,
        "f1_macro": 0.6923931203059263,
        "f1_micro": 0.749831876260928,
        "accuracy": 0.7498318762609281
    },
    "da-DK": {
        "precision_macro": 0.7237861030052143,
        "precision_micro": 0.7634498991257566,
        "recall_macro": 0.6996620948448979,
        "recall_micro": 0.7634498991257566,
        "f1_macro": 0.7056533965163427,
        "f1_micro": 0.7634498991257566,
        "accuracy": 0.7634498991257566
    },
    "de-DE": {
        "precision_macro": 0.7346187089444765,
        "precision_micro": 0.7747515504744825,
        "recall_macro": 0.713715640731572,
        "recall_micro": 0.7747515504744825,
        "f1_macro": 0.7187995929318145,
        "f1_micro": 0.7747515504744825,
        "accuracy": 0.7747515504744825
    },
    "el-GR": {
        "precision_macro": 0.7440721535182646,
        "precision_micro": 0.783927370544721,
        "recall_macro": 0.7250605197589859,
        "recall_micro": 0.783927370544721,
        "f1_macro": 0.7297469234507564,
        "f1_micro": 0.7839273705447208,
        "accuracy": 0.783927370544721
    },
    "en-US": {
        "precision_macro": 0.7539530468375951,
        "precision_micro": 0.7930549611787002,
        "recall_macro": 0.7378948798154458,
        "recall_micro": 0.7930549611787002,
        "f1_macro": 0.7412382558632006,
        "f1_micro": 0.7930549611787002,
        "accuracy": 0.7930549611787002
    },
    "es-ES": {
        "precision_macro": 0.7603961197864403,
        "precision_micro": 0.7995684824030487,
        "recall_macro": 0.7463395452533175,
        "recall_micro": 0.7995684824030487,
        "f1_macro": 0.7487701561609744,
        "f1_micro": 0.7995684824030487,
        "accuracy": 0.7995684824030487
    },
    "fa-IR": {
        "precision_macro": 0.7630666796242804,
        "precision_micro": 0.8033728208576897,
        "recall_macro": 0.7493726727853816,
        "recall_micro": 0.8033728208576897,
        "f1_macro": 0.7516991524742486,
        "f1_micro": 0.8033728208576897,
        "accuracy": 0.8033728208576897
    },
    "fi-FI": {
        "precision_macro": 0.766958415032363,
        "precision_micro": 0.8079066192717841,
        "recall_macro": 0.7560470841966431,
        "recall_micro": 0.8079066192717841,
        "f1_macro": 0.7571616891940413,
        "f1_micro": 0.8079066192717841,
        "accuracy": 0.8079066192717841
    },
    "fr-FR": {
        "precision_macro": 0.7710101727556645,
        "precision_micro": 0.812373907195696,
        "recall_macro": 0.7622896693904874,
        "recall_micro": 0.812373907195696,
        "f1_macro": 0.7622266380408979,
        "f1_micro": 0.812373907195696,
        "accuracy": 0.812373907195696
    },
    "he-IL": {
        "precision_macro": 0.7661346863877341,
        "precision_micro": 0.8094527572293208,
        "recall_macro": 0.7566775871342806,
        "recall_micro": 0.8094527572293208,
        "f1_macro": 0.757076570730426,
        "f1_micro": 0.8094527572293208,
        "accuracy": 0.8094527572293208
    },
    "hi-IN": {
        "precision_macro": 0.7694418196685806,
        "precision_micro": 0.8130859606788243,
        "recall_macro": 0.76076839463116,
        "recall_micro": 0.8130859606788243,
        "f1_macro": 0.7610135342349965,
        "f1_micro": 0.8130859606788242,
        "accuracy": 0.8130859606788243
    },
    "hu-HU": {
        "precision_macro": 0.7728109490647145,
        "precision_micro": 0.8163715161025181,
        "recall_macro": 0.764302869388646,
        "recall_micro": 0.8163715161025181,
        "f1_macro": 0.7646575788725946,
        "f1_micro": 0.8163715161025181,
        "accuracy": 0.8163715161025181
    },
    "hy-AM": {
        "precision_macro": 0.7749690993080368,
        "precision_micro": 0.8184971507450536,
        "recall_macro": 0.7679255511158305,
        "recall_micro": 0.8184971507450536,
        "f1_macro": 0.7675441839123567,
        "f1_micro": 0.8184971507450536,
        "accuracy": 0.8184971507450536
    },
    "id-ID": {
        "precision_macro": 0.7781380853384711,
        "precision_micro": 0.8213517148621385,
        "recall_macro": 0.7722798530724811,
        "recall_micro": 0.8213517148621385,
        "f1_macro": 0.7712305343055472,
        "f1_micro": 0.8213517148621385,
        "accuracy": 0.8213517148621385
    },
    "is-IS": {
        "precision_macro": 0.7794920948546257,
        "precision_micro": 0.8234060268357511,
        "recall_macro": 0.7751169704209048,
        "recall_micro": 0.8234060268357511,
        "f1_macro": 0.773325965757918,
        "f1_micro": 0.823406026835751,
        "accuracy": 0.8234060268357511
    },
    "it-IT": {
        "precision_macro": 0.7788798830343426,
        "precision_micro": 0.8235770618084001,
        "recall_macro": 0.7744979113812287,
        "recall_micro": 0.8235770618084001,
        "f1_macro": 0.7728177245402105,
        "f1_micro": 0.8235770618084001,
        "accuracy": 0.8235770618084001
    },
    "ja-JP": {
        "precision_macro": 0.7808632254513029,
        "precision_micro": 0.8256629923101664,
        "recall_macro": 0.7768109237892513,
        "recall_micro": 0.8256629923101664,
        "f1_macro": 0.7751161800930578,
        "f1_micro": 0.8256629923101664,
        "accuracy": 0.8256629923101664
    },
    "jv-ID": {
        "precision_macro": 0.781704337435349,
        "precision_micro": 0.826692445639991,
        "recall_macro": 0.7785091366344228,
        "recall_micro": 0.826692445639991,
        "f1_macro": 0.7762843467073525,
        "f1_micro": 0.8266924456399909,
        "accuracy": 0.826692445639991
    },
    "ka-GE": {
        "precision_macro": 0.7816072518567669,
        "precision_micro": 0.8261197041022192,
        "recall_macro": 0.7783860713260704,
        "recall_micro": 0.8261197041022192,
        "f1_macro": 0.7762307414389774,
        "f1_micro": 0.8261197041022192,