{
    "af-ZA": {
        "precision_macro": 0.7220246858284473,
        "precision_micro": 0.7831203765971755,
        "recall_macro": 0.7211165938529042,
        "recall_micro": 0.7831203765971755,
        "f1_macro": 0.7100687547044106,
        "f1_micro": 0.7831203765971754,
        "accuracy": 0.7831203765971755
    },
    "am-ET": {
        "precision_macro": 0.6474180598486291,
        "precision_micro": 0.6997310020174848,
        "recall_macro": 0.6175680687389115,
        "recall_micro": 0.6997310020174848,
        "f1_macro": 0.6238631124886109,
        "f1_micro": 0.6997310020174848,
        "accuracy": 0.6997310020174848
    },
    "ar-SA": {
        "precision_macro": 0.6877396115137931,
        "precision_micro": 0.7400806993947545,
        "recall_macro": 0.673692649582721,
        "recall_micro": 0.7400806993947545,
        "f1_macro": 0.6742881570471579,
        "f1_micro": 0.7400806993947545,
        "accuracy": 0.7400806993947545
    },
    "az-AZ": {
        "precision_macro": 0.7080843479112343,
        "precision_micro": 0.7606758574310692,
        "recall_macro": 0.6984259126830868,
        "recall_micro": 0.7606758574310692,
        "f1_macro": 0.6974580754804713,
        "f1_micro": 0.7606758574310692,
        "accuracy": 0.7606758574310692
    },
    "bn-BD": {
        "precision_macro": 0.7265189692832875,
        "precision_micro": 0.7786146603900471,
        "recall_macro": 0.7238782708531951,
        "recall_micro": 0.7786146603900471,
        "f1_macro": 0.7204218202316462,
        "f1_micro": 0.778614660390047,
        "accuracy": 0.7786146603900471
    },
    "ca-ES": {
        "precision_macro": 0.7373362513343035,
        "precision_micro": 0.7881080475229769,
        "recall_macro": 0.7363029968837504,
        "recall_micro": 0.7881080475229769,
        "f1_macro": 0.7317687833951753,
        "f1_micro": 0.7881080475229769,
        "accuracy": 0.7881080475229769
    },
    "cy-GB": {
        "precision_macro": 0.7122360549078072,
        "precision_micro": 0.7529541742722644,
        "recall_macro": 0.6938761888933385,
        "recall_micro": 0.7529541742722644,
        "f1_macro": 0.6969527933697649,
        "f1_micro": 0.7529541742722644,
        "accuracy": 0.7529541742722644
    },
    "da-DK": {
        "precision_macro": 0.7242917164967954,
        "precision_micro": 0.7666442501681238,
        "recall_macro": 0.7082356500825949,
        "recall_micro": 0.7666442501681238,
        "f1_macro": 0.7109488832055811,
        "f1_micro": 0.7666442501681238,
        "accuracy": 0.7666442501681238
    },
    "de-DE": {
        "precision_macro": 0.7350255377184822,
        "precision_micro": 0.7773668086378241,
        "recall_macro": 0.7227540526623784,
        "recall_micro": 0.7773668086378241,
        "f1_macro": 0.7239576886750908,
        "f1_micro": 0.7773668086378241,
        "accuracy": 0.7773668086378241
    },
    "el-GR": {
        "precision_macro": 0.7433339936366313,
        "precision_micro": 0.7856086079354405,
        "recall_macro": 0.732130932769461,
        "recall_micro": 0.7856086079354405,
        "f1_macro": 0.7334518957778724,
        "f1_micro": 0.7856086079354406,
        "accuracy": 0.7856086079354405
    },
    "en-US": {
        "precision_macro": 0.7535521345464274,
        "precision_micro": 0.7947973344745369,
        "recall_macro": 0.744526907675936,
        "recall_micro": 0.7947973344745369,
        "f1_macro": 0.7448603422895417,
        "f1_micro": 0.794797334474537,
        "accuracy": 0.7947973344745369
    },
    "es-ES": {
        "precision_macro": 0.7600065807144003,
        "precision_micro": 0.8010535754315176,
        "recall_macro": 0.7532663789902435,
        "recall_micro": 0.8010535754315176,
        "f1_macro": 0.752541883603516,
        "f1_micro": 0.8010535754315176,
        "accuracy": 0.8010535754315176
    },
    "fa-IR": {
        "precision_macro": 0.7617188153281653,
        "precision_micro": 0.8042005069577363,
        "recall_macro": 0.7555038267171154,
        "recall_micro": 0.8042005069577363,
        "f1_macro": 0.7543508712437308,
        "f1_micro": 0.8042005069577363,
        "accuracy": 0.8042005069577363
    },
    "fi-FI": {
        "precision_macro": 0.7657123668350965,
        "precision_micro": 0.8090354500912672,
        "recall_macro": 0.7601709593611736,
        "recall_micro": 0.8090354500912672,
        "f1_macro": 0.7590780520637898,
        "f1_micro": 0.8090354500912672,
        "accuracy": 0.8090354500912672
    },
    "fr-FR": {
        "precision_macro": 0.7703097589192478,
        "precision_micro": 0.8134050661286707,
        "recall_macro": 0.7661958192906472,
        "recall_micro": 0.8134050661286707,
        "f1_macro": 0.7643318316730677,
        "f1_micro": 0.8134050661286706,
        "accuracy": 0.8134050661286707
    },
    "he-IL": {
        "precision_macro": 0.765074235399292,
        "precision_micro": 0.8100622057834567,
        "recall_macro": 0.7597862858142802,
        "recall_micro": 0.8100622057834567,
        "f1_macro": 0.7584761131537745,
        "f1_micro": 0.8100622057834566,
        "accuracy": 0.8100622057834567
    },
    "hi-IN": {
        "precision_macro": 0.7674263247273827,
        "precision_micro": 0.8134419874203884,
        "recall_macro": 0.7632206579321567,
        "recall_micro": 0.8134419874203884,
        "f1_macro": 0.76158565563256,
        "f1_micro": 0.8134419874203884,
        "accuracy": 0.8134419874203884
    },
    "hu-HU": {
        "precision_macro": 0.7704453069407171,
        "precision_micro": 0.8165209594261377,
        "recall_macro": 0.7663562832053454,
        "recall_micro": 0.8165209594261377,
        "f1_macro": 0.7647692374093875,
        "f1_micro": 0.8165209594261377,
        "accuracy": 0.8165209594261377
    },
    "hy-AM": {
        "precision_macro": 0.7721624666849141,
        "precision_micro": 0.8184794535093618,
        "recall_macro": 0.7682855186281847,
        "recall_micro": 0.8184794535093618,
        "f1_macro": 0.7667564167971788,
        "f1_micro": 0.8184794535093618,
        "accuracy": 0.8184794535093618
    },
    "id-ID": {
        "precision_macro": 0.775191714258665,
        "precision_micro": 0.8213349024882314,
        "recall_macro": 0.7725229391908468,
        "recall_micro": 0.8213349024882314,
        "f1_macro": 0.7702735183737451,
        "f1_micro": 0.8213349024882315,
        "accuracy": 0.8213349024882314
    },
    "is-IS": {
        "precision_macro": 0.7769969104371603,
        "precision_micro": 0.8234220386204246,
        "recall_macro": 0.7755056628212849,
        "recall_micro": 0.8234220386204246,
        "f1_macro": 0.7726099490500771,
        "f1_micro": 0.8234220386204246,
        "accuracy": 0.8234220386204246
    },
    "it-IT": {
        "precision_macro": 0.776464664362053,
        "precision_micro": 0.8236687656660757,
        "recall_macro": 0.7750581962212603,
        "recall_micro": 0.8236687656660757,
        "f1_macro": 0.7720901287800004,
        "f1_micro": 0.8236687656660757,
        "accuracy": 0.8236687656660757
    },
    "ja-JP": {
        "precision_macro": 0.7786233043838526,
        "precision_micro": 0.8255167977544516,
        "recall_macro": 0.7775254878131792,
        "recall_micro": 0.8255167977544516,
        "f1_macro": 0.774458758434776,
        "f1_micro": 0.8255167977544516,
        "accuracy": 0.8255167977544516
    },
    "jv-ID": {
        "precision_macro": 0.7796601870810463,
        "precision_micro": 0.826692445639991,
        "recall_macro": 0.7795373094297386,
        "recall_micro": 0.826692445639991,
        "f1_macro": 0.7759061250358894,
        "f1_micro": 0.8266924456399909,
        "accuracy": 0.826692445639991
    },
    "ka-GE": {
        "precision_macro": 0.7795221250207446,
        "precision_micro": 0.8263349024882314,
        "recall_macro": 0.7793442377874594,
        "recall_micro": 0.8263349024882314,
        "f1_macro": 0.775841865177478,