{
    "af-ZA": {
        "precision_macro": 0.7298698925160766,
        "precision_micro": 0.7824478816408877,
        "recall_macro": 0.7187168533001972,
        "recall_micro": 0.7824478816408877,
        "f1_macro": 0.7130270711302636,
        "f1_micro": 0.7824478816408877,
        "accuracy": 0.7824478816408877
    },
    "am-ET": {
        "precision_macro": 0.6510371178038469,
        "precision_micro": 0.6983860121049092,
        "recall_macro": 0.6085618132698555,
        "recall_micro": 0.6983860121049092,
        "f1_macro": 0.6192822931945461,
        "f1_micro": 0.6983860121049092,
        "accuracy": 0.6983860121049092
    },
    "ar-SA": {
        "precision_macro": 0.6923911040036818,
        "precision_micro": 0.7407531943510424,
        "recall_macro": 0.6620179896630382,
        "recall_micro": 0.7407531943510424,
        "f1_macro": 0.6706296475403092,
        "f1_micro": 0.7407531943510424,
        "accuracy": 0.7407531943510424
    },
    "az-AZ": {
        "precision_macro": 0.7156043143618945,
        "precision_micro": 0.7611802286482852,
        "recall_macro": 0.6886479798418077,
        "recall_micro": 0.7611802286482852,
        "f1_macro": 0.696206681200532,
        "f1_micro": 0.7611802286482852,
        "accuracy": 0.7611802286482852
    },
    "bn-BD": {
        "precision_macro": 0.7362572948298802,
        "precision_micro": 0.7803631472763954,
        "recall_macro": 0.717694233854223,
        "recall_micro": 0.7803631472763954,
        "f1_macro": 0.7216408552986451,
        "f1_micro": 0.7803631472763954,
        "accuracy": 0.7803631472763954
    },
    "ca-ES": {
        "precision_macro": 0.7451738334417787,
        "precision_micro": 0.7894530374355526,
        "recall_macro": 0.728375538071807,
        "recall_micro": 0.7894530374355526,
        "f1_macro": 0.7316597055410974,
        "f1_micro": 0.7894530374355526,
        "accuracy": 0.7894530374355526
    },
    "cy-GB": {
        "precision_macro": 0.7187481243263325,
        "precision_micro": 0.7544432702469017,
        "recall_macro": 0.685145426417712,
        "recall_micro": 0.7544432702469017,
        "f1_macro": 0.6950982801762702,
        "f1_micro": 0.7544432702469017,
        "accuracy": 0.7544432702469017
    },
    "da-DK": {
        "precision_macro": 0.7296827642946654,
        "precision_micro": 0.7672326832548756,
        "recall_macro": 0.7000165379413831,
        "recall_micro": 0.7672326832548756,
        "f1_macro": 0.7088816796600116,
        "f1_micro": 0.7672326832548756,
        "accuracy": 0.7672326832548756
    },
    "de-DE": {
        "precision_macro": 0.7412963412594779,
        "precision_micro": 0.778338190241351,
        "recall_macro": 0.7165959849345299,
        "recall_micro": 0.778338190241351,
        "f1_macro": 0.7233181084635946,
        "f1_micro": 0.778338190241351,
        "accuracy": 0.778338190241351
    },
    "el-GR": {
        "precision_macro": 0.7491071624336997,
        "precision_micro": 0.7868527236045729,
        "recall_macro": 0.7272672272487936,
        "recall_micro": 0.7868527236045729,
        "f1_macro": 0.7332792945526619,
        "f1_micro": 0.7868527236045729,
        "accuracy": 0.7868527236045729
    },
    "en-US": {
        "precision_macro": 0.7594310312003112,
        "precision_micro": 0.7963563000550223,
        "recall_macro": 0.7402386188540448,
        "recall_micro": 0.7963563000550223,
        "f1_macro": 0.7449739929851779,
        "f1_micro": 0.7963563000550222,
        "accuracy": 0.7963563000550223
    },
    "es-ES": {
        "precision_macro": 0.7651706965257036,
        "precision_micro": 0.8025666890831652,
        "recall_macro": 0.7491616216540595,
        "recall_micro": 0.8025666890831652,
        "f1_macro": 0.7523809555835405,
        "f1_micro": 0.8025666890831652,
        "accuracy": 0.8025666890831652
    },
    "fa-IR": {
        "precision_macro": 0.7666384014891767,
        "precision_micro": 0.8057006880140707,
        "recall_macro": 0.7516182960857031,
        "recall_micro": 0.8057006880140707,
        "f1_macro": 0.7543771515980089,
        "f1_micro": 0.8057006880140708,
        "accuracy": 0.8057006880140707
    },
    "fi-FI": {
        "precision_macro": 0.7708554930670228,
        "precision_micro": 0.8105965990969354,
        "recall_macro": 0.7571532822873003,
        "recall_micro": 0.8105965990969354,
        "f1_macro": 0.7596464796051653,
        "f1_micro": 0.8105965990969354,
        "accuracy": 0.8105965990969354
    },
    "fr-FR": {
        "precision_macro": 0.7749149337947484,
        "precision_micro": 0.8150190540237615,
        "recall_macro": 0.7620737066000294,
        "recall_micro": 0.8150190540237615,
        "f1_macro": 0.7642889370715175,
        "f1_micro": 0.8150190540237616,
        "accuracy": 0.8150190540237615
    },
    "he-IL": {
        "precision_macro": 0.7691220365263164,
        "precision_micro": 0.8117014122394082,
        "recall_macro": 0.7557794385796216,
        "recall_micro": 0.8117014122394082,
        "f1_macro": 0.7583187458962203,
        "f1_micro": 0.8117014122394082,
        "accuracy": 0.8117014122394082
    },
    "hi-IN": {
        "precision_macro": 0.7718886258095317,
        "precision_micro": 0.8153210174453104,
        "recall_macro": 0.7599083958719854,
        "recall_micro": 0.8153210174453104,
        "f1_macro": 0.7619859817994138,
        "f1_micro": 0.8153210174453105,
        "accuracy": 0.8153210174453104
    },
    "hu-HU": {
        "precision_macro": 0.7751660053705828,
        "precision_micro": 0.8185197638795487,
        "recall_macro": 0.7631882113957625,
        "recall_micro": 0.8185197638795487,
        "f1_macro": 0.7654084690177917,
        "f1_micro": 0.8185197638795487,
        "accuracy": 0.8185197638795487
    },
    "hy-AM": {
        "precision_macro": 0.7775767648813878,
        "precision_micro": 0.8207623969136021,
        "recall_macro": 0.7668934964846131,
        "recall_micro": 0.8207623969136021,
        "f1_macro": 0.7684654999794552,
        "f1_micro": 0.8207623969136021,
        "accuracy": 0.8207623969136021
    },
    "id-ID": {
        "precision_macro": 0.7807850474160709,
        "precision_micro": 0.8236213853396099,
        "recall_macro": 0.771136523263136,
        "recall_micro": 0.8236213853396099,
        "f1_macro": 0.7721737702126034,
        "f1_micro": 0.82362138533961,
        "accuracy": 0.8236213853396099
    },
    "is-IS": {
        "precision_macro": 0.7826090206181667,
        "precision_micro": 0.8259999359528613,
        "recall_macro": 0.7741388293739856,
        "recall_micro": 0.8259999359528613,
        "f1_macro": 0.774632125801885,
        "f1_micro": 0.8259999359528613,
        "accuracy": 0.8259999359528613
    },
    "it-IT": {
        "precision_macro": 0.7821647452422157,
        "precision_micro": 0.8260836339182002,
        "recall_macro": 0.7736758843633107,
        "recall_micro": 0.8260836339182002,
        "f1_macro": 0.7739098087896032,
        "f1_micro": 0.8260836339182002,
        "accuracy": 0.8260836339182002
    },
    "ja-JP": {
        "precision_macro": 0.7840434900767833,
        "precision_micro": 0.8282067775796029,
        "recall_macro": 0.7763403492852887,
        "recall_micro": 0.8282067775796029,
        "f1_macro": 0.7762729485316348,
        "f1_micro": 0.8282067775796029,
        "accuracy": 0.8282067775796029
    },
    "jv-ID": {
        "precision_macro": 0.7851617843739247,
        "precision_micro": 0.829410446088321,
        "recall_macro": 0.7783637454928157,
        "recall_micro": 0.829410446088321,
        "f1_macro": 0.7778025273148729,
        "f1_micro": 0.8294104460883212,
        "accuracy": 0.829410446088321
    },
    "ka-GE": {
        "precision_macro": 0.7850885294234746,
        "precision_micro": 0.8290114324142569,
        "recall_macro": 0.7783428531633613,
        "recall_micro": 0.8290114324142569,
        "f1_macro": 0.7778529092347074,