{"train/loss": 1.1986, "train/learning_rate": 2.0008892841262785e-07, "train/epoch": 10.0, "train/global_step": 22490, "_timestamp": 1716340409.6373575, "_runtime": 5744.852159500122, "_step": 224, "train/train_runtime": 5746.0389, "train/train_samples_per_second": 500.954, "train/train_steps_per_second": 3.914, "train/total_flos": 2.363472378216e+17, "train/train_loss": 1.4296954079064437, "_wandb": {"runtime": 5901}}