{"train/loss": 1.5988, "train/learning_rate": 2.0008892841262785e-07, "train/epoch": 10.0, "train/global_step": 22490, "_timestamp": 1716358851.2999227, "_runtime": 5750.57393860817, "_step": 224, "train/train_runtime": 5751.7781, "train/train_samples_per_second": 500.454, "train/train_steps_per_second": 3.91, "train/total_flos": 2.3645667654936e+17, "train/train_loss": 1.8287984445180931, "_wandb": {"runtime": 5908}}